Cluster ID,Cluster Name,Cluster Size,Seed ID,Keyword,Market,Classified Intent,Intent Subtype,Role in Cluster,Primary Keyword Candidate,Recommended Page Type,Candidate Target URL,Page Opportunity Status,Cannibalization Risk,Cannibalization Control,Business Value,Proof Needed,SERP Validation,Cluster Status,Notes
CL-001,Software Development Company,8,S-001,software development company,Global English,Commercial Investigation,Vendor selection,Primary candidate,software development company,Homepage,/,Existing homepage — final target scope requires validation,High,"Compare overlapping hub, custom-software, hiring, staffing, augmentation, and dedicated-team pages before implementation.",High,"Company capabilities, clients, case studies, and delivery model",Required — validate the first 10 organic results in each priority country,Candidate cluster — metrics and SERP validation required,"Primary selection is based on semantic fit only, not verified search volume, CPC, KD, rankings, or conversions."
CL-001,Software Development Company,8,S-002,software engineering company,Global English,Commercial Investigation,Vendor selection,Vendor-language variation,software development company,Homepage,/,Existing homepage — final target scope requires validation,High,"Compare overlapping hub, custom-software, hiring, staffing, augmentation, and dedicated-team pages before implementation.",High,"Company capabilities, clients, case studies, and delivery model",Required — validate the first 10 organic results in each priority country,Candidate cluster — metrics and SERP validation required,"Primary selection is based on semantic fit only, not verified search volume, CPC, KD, rankings, or conversions."
CL-001,Software Development Company,8,S-003,software development services,Global English,Commercial Investigation,Service procurement,Service-language variation,software development company,Homepage,/,Existing homepage — final target scope requires validation,High,"Compare overlapping hub, custom-software, hiring, staffing, augmentation, and dedicated-team pages before implementation.",High,"Company capabilities, clients, case studies, and delivery model",Required — validate the first 10 organic results in each priority country,Candidate cluster — metrics and SERP validation required,"Primary selection is based on semantic fit only, not verified search volume, CPC, KD, rankings, or conversions."
CL-001,Software Development Company,8,S-004,product engineering company,Global English,Commercial Investigation,Vendor selection,Vendor-language variation,software development company,Homepage,/,Existing homepage — final target scope requires validation,High,"Compare overlapping hub, custom-software, hiring, staffing, augmentation, and dedicated-team pages before implementation.",High,"Company capabilities, clients, case studies, and delivery model",Required — validate the first 10 organic results in each priority country,Candidate cluster — metrics and SERP validation required,"Primary selection is based on semantic fit only, not verified search volume, CPC, KD, rankings, or conversions."
CL-001,Software Development Company,8,S-005,digital product engineering services,Global English,Commercial Investigation,Service procurement,Service-language variation,software development company,Homepage,/,Existing homepage — final target scope requires validation,High,"Compare overlapping hub, custom-software, hiring, staffing, augmentation, and dedicated-team pages before implementation.",High,"Company capabilities, clients, case studies, and delivery model",Required — validate the first 10 organic results in each priority country,Candidate cluster — metrics and SERP validation required,"Primary selection is based on semantic fit only, not verified search volume, CPC, KD, rankings, or conversions."
CL-001,Software Development Company,8,S-006,enterprise software development company,Global English,Commercial Investigation,Vendor selection,Vendor-language variation,software development company,Homepage,/,Existing homepage — final target scope requires validation,High,"Compare overlapping hub, custom-software, hiring, staffing, augmentation, and dedicated-team pages before implementation.",High,"Company capabilities, clients, case studies, and delivery model",Required — validate the first 10 organic results in each priority country,Candidate cluster — metrics and SERP validation required,"Primary selection is based on semantic fit only, not verified search volume, CPC, KD, rankings, or conversions."
CL-001,Software Development Company,8,S-007,software outsourcing company,Global English,Commercial Investigation,Vendor selection,Vendor-language variation,software development company,Homepage,/,Existing homepage — final target scope requires validation,High,"Compare overlapping hub, custom-software, hiring, staffing, augmentation, and dedicated-team pages before implementation.",High,"Company capabilities, clients, case studies, and delivery model",Required — validate the first 10 organic results in each priority country,Candidate cluster — metrics and SERP validation required,"Primary selection is based on semantic fit only, not verified search volume, CPC, KD, rankings, or conversions."
CL-001,Software Development Company,8,S-008,software consulting company,Global English,Commercial Investigation,Vendor selection,Vendor-language variation,software development company,Homepage,/,Existing homepage — final target scope requires validation,High,"Compare overlapping hub, custom-software, hiring, staffing, augmentation, and dedicated-team pages before implementation.",High,"Company capabilities, clients, case studies, and delivery model",Required — validate the first 10 organic results in each priority country,Candidate cluster — metrics and SERP validation required,"Primary selection is based on semantic fit only, not verified search volume, CPC, KD, rankings, or conversions."
CL-002,Custom Software Development,26,S-009,custom software development company,United States,Commercial Investigation,Vendor selection,Primary candidate,custom software development company,Commercial service page,/solutions/custom-software-solutions,Approved existing route; consolidate variants here,High,"Compare overlapping hub, custom-software, hiring, staffing, augmentation, and dedicated-team pages before implementation.",High,"Approved custom software case studies, process, IP terms, and project outcomes",Required — validate the first 10 organic results in each priority country,Candidate cluster — metrics and SERP validation required,"Primary selection is based on semantic fit only, not verified search volume, CPC, KD, rankings, or conversions."
CL-002,Custom Software Development,26,S-010,custom software development services,Global English,Commercial Investigation,Service procurement,Service-language variation,custom software development company,Commercial service page,/solutions/custom-software-solutions,Approved existing route; consolidate variants here,High,"Compare overlapping hub, custom-software, hiring, staffing, augmentation, and dedicated-team pages before implementation.",High,"Approved custom software case studies, process, IP terms, and project outcomes",Required — validate the first 10 organic results in each priority country,Candidate cluster — metrics and SERP validation required,"Primary selection is based on semantic fit only, not verified search volume, CPC, KD, rankings, or conversions."
CL-002,Custom Software Development,26,S-011,custom software solutions company,Global English,Commercial Investigation,Vendor selection,Vendor-language variation,custom software development company,Commercial service page,/solutions/custom-software-solutions,Approved existing route; consolidate variants here,High,"Compare overlapping hub, custom-software, hiring, staffing, augmentation, and dedicated-team pages before implementation.",High,"Approved custom software case studies, process, IP terms, and project outcomes",Required — validate the first 10 organic results in each priority country,Candidate cluster — metrics and SERP validation required,"Primary selection is based on semantic fit only, not verified search volume, CPC, KD, rankings, or conversions."
CL-002,Custom Software Development,26,S-012,custom application development company,Global English,Commercial Investigation,Vendor selection,Vendor-language variation,custom software development company,Commercial service page,/solutions/custom-software-solutions,Approved existing route; consolidate variants here,High,"Compare overlapping hub, custom-software, hiring, staffing, augmentation, and dedicated-team pages before implementation.",High,"Approved custom software case studies, process, IP terms, and project outcomes",Required — validate the first 10 organic results in each priority country,Candidate cluster — metrics and SERP validation required,"Primary selection is based on semantic fit only, not verified search volume, CPC, KD, rankings, or conversions."
CL-002,Custom Software Development,26,S-013,enterprise custom software development,Global English,Commercial Investigation,Service procurement,Supporting keyword,custom software development company,Commercial service page,/solutions/custom-software-solutions,Approved existing route; consolidate variants here,High,"Compare overlapping hub, custom-software, hiring, staffing, augmentation, and dedicated-team pages before implementation.",High,"Approved custom software case studies, process, IP terms, and project outcomes",Required — validate the first 10 organic results in each priority country,Candidate cluster — metrics and SERP validation required,"Primary selection is based on semantic fit only, not verified search volume, CPC, KD, rankings, or conversions."
CL-002,Custom Software Development,26,S-014,custom software developers,Global English,Commercial Investigation,Commercial capability research,Supporting keyword,custom software development company,Commercial service page,/solutions/custom-software-solutions,Approved existing route; consolidate variants here,High,"Compare overlapping hub, custom-software, hiring, staffing, augmentation, and dedicated-team pages before implementation.",High,"Approved custom software case studies, process, IP terms, and project outcomes",Required — validate the first 10 organic results in each priority country,Candidate cluster — metrics and SERP validation required,"Primary selection is based on semantic fit only, not verified search volume, CPC, KD, rankings, or conversions."
CL-002,Custom Software Development,26,S-015,end-to-end custom software development,Global English,Commercial Investigation,Service procurement,Supporting keyword,custom software development company,Commercial service page,/solutions/custom-software-solutions,Approved existing route; consolidate variants here,High,"Compare overlapping hub, custom-software, hiring, staffing, augmentation, and dedicated-team pages before implementation.",High,"Approved custom software case studies, process, IP terms, and project outcomes",Required — validate the first 10 organic results in each priority country,Candidate cluster — metrics and SERP validation required,"Primary selection is based on semantic fit only, not verified search volume, CPC, KD, rankings, or conversions."
CL-002,Custom Software Development,26,S-016,business software development company,Global English,Commercial Investigation,Vendor selection,Vendor-language variation,custom software development company,Commercial service page,/solutions/custom-software-solutions,Approved existing route; consolidate variants here,High,"Compare overlapping hub, custom-software, hiring, staffing, augmentation, and dedicated-team pages before implementation.",High,"Approved custom software case studies, process, IP terms, and project outcomes",Required — validate the first 10 organic results in each priority country,Candidate cluster — metrics and SERP validation required,"Primary selection is based on semantic fit only, not verified search volume, CPC, KD, rankings, or conversions."
CL-002,Custom Software Development,26,S-017,tailored software development services,Global English,Commercial Investigation,Service procurement,Service-language variation,custom software development company,Commercial service page,/solutions/custom-software-solutions,Approved existing route; consolidate variants here,High,"Compare overlapping hub, custom-software, hiring, staffing, augmentation, and dedicated-team pages before implementation.",High,"Approved custom software case studies, process, IP terms, and project outcomes",Required — validate the first 10 organic results in each priority country,Candidate cluster — metrics and SERP validation required,"Primary selection is based on semantic fit only, not verified search volume, CPC, KD, rankings, or conversions."
CL-002,Custom Software Development,26,S-018,custom enterprise application development,Global English,Commercial Investigation,Service procurement,Supporting keyword,custom software development company,Commercial service page,/solutions/custom-software-solutions,Approved existing route; consolidate variants here,High,"Compare overlapping hub, custom-software, hiring, staffing, augmentation, and dedicated-team pages before implementation.",High,"Approved custom software case studies, process, IP terms, and project outcomes",Required — validate the first 10 organic results in each priority country,Candidate cluster — metrics and SERP validation required,"Primary selection is based on semantic fit only, not verified search volume, CPC, KD, rankings, or conversions."
CL-002,Custom Software Development,26,S-019,scalable custom software development,Global English,Commercial Investigation,Service procurement,Supporting keyword,custom software development company,Commercial service page,/solutions/custom-software-solutions,Approved existing route; consolidate variants here,High,"Compare overlapping hub, custom-software, hiring, staffing, augmentation, and dedicated-team pages before implementation.",High,"Approved custom software case studies, process, IP terms, and project outcomes",Required — validate the first 10 organic results in each priority country,Candidate cluster — metrics and SERP validation required,"Primary selection is based on semantic fit only, not verified search volume, CPC, KD, rankings, or conversions."
CL-002,Custom Software Development,26,S-020,secure custom software development services,Global English,Commercial Investigation,Service procurement,Service-language variation,custom software development company,Commercial service page,/solutions/custom-software-solutions,Approved existing route; consolidate variants here,High,"Compare overlapping hub, custom-software, hiring, staffing, augmentation, and dedicated-team pages before implementation.",High,"Approved custom software case studies, process, IP terms, and project outcomes",Required — validate the first 10 organic results in each priority country,Candidate cluster — metrics and SERP validation required,"Primary selection is based on semantic fit only, not verified search volume, CPC, KD, rankings, or conversions."
CL-003,MVP Development,9,S-021,MVP development company,Global English,Commercial Investigation,Vendor selection,Primary candidate,MVP development company,Commercial service page,/services/mvp-development,Verify current route in site inventory,Low,Maintain one canonical page for this cluster and merge close wording variations into it.,High,"Startup product examples, delivery timeline, scope, and launch outcomes",Required — validate the first 10 organic results in each priority country,Candidate cluster — metrics and SERP validation required,"Primary selection is based on semantic fit only, not verified search volume, CPC, KD, rankings, or conversions."
CL-003,MVP Development,9,S-022,MVP development services,Global English,Commercial Investigation,Service procurement,Service-language variation,MVP development company,Commercial service page,/services/mvp-development,Verify current route in site inventory,Low,Maintain one canonical page for this cluster and merge close wording variations into it.,High,"Startup product examples, delivery timeline, scope, and launch outcomes",Required — validate the first 10 organic results in each priority country,Candidate cluster — metrics and SERP validation required,"Primary selection is based on semantic fit only, not verified search volume, CPC, KD, rankings, or conversions."
CL-003,MVP Development,9,S-023,startup product development company,Global English,Commercial Investigation,Vendor selection,Vendor-language variation,MVP development company,Commercial service page,/services/mvp-development,Verify current route in site inventory,Low,Maintain one canonical page for this cluster and merge close wording variations into it.,High,"Startup product examples, delivery timeline, scope, and launch outcomes",Required — validate the first 10 organic results in each priority country,Candidate cluster — metrics and SERP validation required,"Primary selection is based on semantic fit only, not verified search volume, CPC, KD, rankings, or conversions."
CL-003,MVP Development,9,S-024,SaaS product development company,Global English,Commercial Investigation,Vendor selection,Vendor-language variation,MVP development company,Commercial service page,/services/mvp-development,Verify current route in site inventory,Low,Maintain one canonical page for this cluster and merge close wording variations into it.,High,"Startup product examples, delivery timeline, scope, and launch outcomes",Required — validate the first 10 organic results in each priority country,Candidate cluster — metrics and SERP validation required,"Primary selection is based on semantic fit only, not verified search volume, CPC, KD, rankings, or conversions."
CL-003,MVP Development,9,S-025,software product development company,Global English,Commercial Investigation,Vendor selection,Vendor-language variation,MVP development company,Commercial service page,/services/mvp-development,Verify current route in site inventory,Low,Maintain one canonical page for this cluster and merge close wording variations into it.,High,"Startup product examples, delivery timeline, scope, and launch outcomes",Required — validate the first 10 organic results in each priority country,Candidate cluster — metrics and SERP validation required,"Primary selection is based on semantic fit only, not verified search volume, CPC, KD, rankings, or conversions."
CL-003,MVP Development,9,S-026,minimum viable product development,Global English,Mixed / Ambiguous,Topic education or service procurement,Supporting keyword,MVP development company,Commercial service page,/services/mvp-development,Verify current route in site inventory,Low,Maintain one canonical page for this cluster and merge close wording variations into it.,High,"Startup product examples, delivery timeline, scope, and launch outcomes",Required — validate the first 10 organic results in each priority country,Hold — ambiguous intent,"Primary selection is based on semantic fit only, not verified search volume, CPC, KD, rankings, or conversions."
CL-003,MVP Development,9,S-027,MVP developers for startups,Global English,Commercial Investigation,Commercial capability research,Supporting keyword,MVP development company,Commercial service page,/services/mvp-development,Verify current route in site inventory,Low,Maintain one canonical page for this cluster and merge close wording variations into it.,High,"Startup product examples, delivery timeline, scope, and launch outcomes",Required — validate the first 10 organic results in each priority country,Candidate cluster — metrics and SERP validation required,"Primary selection is based on semantic fit only, not verified search volume, CPC, KD, rankings, or conversions."
CL-003,MVP Development,9,S-028,build an MVP development team,Global English,Commercial Investigation,Service procurement,Supporting keyword,MVP development company,Commercial service page,/services/mvp-development,Verify current route in site inventory,Low,Maintain one canonical page for this cluster and merge close wording variations into it.,High,"Startup product examples, delivery timeline, scope, and launch outcomes",Required — validate the first 10 organic results in each priority country,Candidate cluster — metrics and SERP validation required,"Primary selection is based on semantic fit only, not verified search volume, CPC, KD, rankings, or conversions."
CL-003,MVP Development,9,S-029,product engineering services for startups,Global English,Commercial Investigation,Service procurement,Service-language variation,MVP development company,Commercial service page,/services/mvp-development,Verify current route in site inventory,Low,Maintain one canonical page for this cluster and merge close wording variations into it.,High,"Startup product examples, delivery timeline, scope, and launch outcomes",Required — validate the first 10 organic results in each priority country,Candidate cluster — metrics and SERP validation required,"Primary selection is based on semantic fit only, not verified search volume, CPC, KD, rankings, or conversions."
CL-004,Web Application Development,9,S-030,web application development company,Global English,Commercial Investigation,Vendor selection,Primary candidate,web application development company,Commercial service page,/services/web-application-development,Verify current route in site inventory,Low,Maintain one canonical page for this cluster and merge close wording variations into it.,High,"Web application case studies, architecture, security, and performance evidence",Required — validate the first 10 organic results in each priority country,Candidate cluster — metrics and SERP validation required,"Primary selection is based on semantic fit only, not verified search volume, CPC, KD, rankings, or conversions."
CL-004,Web Application Development,9,S-031,web application development services,Global English,Commercial Investigation,Service procurement,Service-language variation,web application development company,Commercial service page,/services/web-application-development,Verify current route in site inventory,Low,Maintain one canonical page for this cluster and merge close wording variations into it.,High,"Web application case studies, architecture, security, and performance evidence",Required — validate the first 10 organic results in each priority country,Candidate cluster — metrics and SERP validation required,"Primary selection is based on semantic fit only, not verified search volume, CPC, KD, rankings, or conversions."
CL-004,Web Application Development,9,S-032,custom web application development company,Global English,Commercial Investigation,Vendor selection,Vendor-language variation,web application development company,Commercial service page,/services/web-application-development,Verify current route in site inventory,Low,Maintain one canonical page for this cluster and merge close wording variations into it.,High,"Web application case studies, architecture, security, and performance evidence",Required — validate the first 10 organic results in each priority country,Candidate cluster — metrics and SERP validation required,"Primary selection is based on semantic fit only, not verified search volume, CPC, KD, rankings, or conversions."
CL-004,Web Application Development,9,S-033,enterprise web application development,Global English,Commercial Investigation,Service procurement,Supporting keyword,web application development company,Commercial service page,/services/web-application-development,Verify current route in site inventory,Low,Maintain one canonical page for this cluster and merge close wording variations into it.,High,"Web application case studies, architecture, security, and performance evidence",Required — validate the first 10 organic results in each priority country,Candidate cluster — metrics and SERP validation required,"Primary selection is based on semantic fit only, not verified search volume, CPC, KD, rankings, or conversions."
CL-004,Web Application Development,9,S-034,SaaS web application development,Global English,Commercial Investigation,Service procurement,Supporting keyword,web application development company,Commercial service page,/services/web-application-development,Verify current route in site inventory,Low,Maintain one canonical page for this cluster and merge close wording variations into it.,High,"Web application case studies, architecture, security, and performance evidence",Required — validate the first 10 organic results in each priority country,Candidate cluster — metrics and SERP validation required,"Primary selection is based on semantic fit only, not verified search volume, CPC, KD, rankings, or conversions."
CL-004,Web Application Development,9,S-035,React web application development company,Global English,Commercial Investigation,Vendor selection,Vendor-language variation,web application development company,Commercial service page,/services/web-application-development,Verify current route in site inventory,Low,Maintain one canonical page for this cluster and merge close wording variations into it.,High,"Web application case studies, architecture, security, and performance evidence",Required — validate the first 10 organic results in each priority country,Candidate cluster — metrics and SERP validation required,"Primary selection is based on semantic fit only, not verified search volume, CPC, KD, rankings, or conversions."
CL-004,Web Application Development,9,S-036,Next.js development company,Global English,Commercial Investigation,Vendor selection,Vendor-language variation,web application development company,Commercial service page,/services/web-application-development,Verify current route in site inventory,Low,Maintain one canonical page for this cluster and merge close wording variations into it.,High,"Web application case studies, architecture, security, and performance evidence",Required — validate the first 10 organic results in each priority country,Candidate cluster — metrics and SERP validation required,"Primary selection is based on semantic fit only, not verified search volume, CPC, KD, rankings, or conversions."
CL-004,Web Application Development,9,S-037,secure web application development services,Global English,Commercial Investigation,Service procurement,Service-language variation,web application development company,Commercial service page,/services/web-application-development,Verify current route in site inventory,Low,Maintain one canonical page for this cluster and merge close wording variations into it.,High,"Web application case studies, architecture, security, and performance evidence",Required — validate the first 10 organic results in each priority country,Candidate cluster — metrics and SERP validation required,"Primary selection is based on semantic fit only, not verified search volume, CPC, KD, rankings, or conversions."
CL-004,Web Application Development,9,S-038,web portal development company,Global English,Commercial Investigation,Vendor selection,Vendor-language variation,web application development company,Commercial service page,/services/web-application-development,Verify current route in site inventory,Low,Maintain one canonical page for this cluster and merge close wording variations into it.,High,"Web application case studies, architecture, security, and performance evidence",Required — validate the first 10 organic results in each priority country,Candidate cluster — metrics and SERP validation required,"Primary selection is based on semantic fit only, not verified search volume, CPC, KD, rankings, or conversions."
CL-005,Mobile App Development,9,S-039,mobile app development company,Global English,Commercial Investigation,Vendor selection,Primary candidate,mobile app development company,Commercial service page,/services/mobile-app-development,Verify current route in site inventory,Low,Maintain one canonical page for this cluster and merge close wording variations into it.,High,"Published apps, screenshots, platform expertise, and measurable outcomes",Required — validate the first 10 organic results in each priority country,Candidate cluster — metrics and SERP validation required,"Primary selection is based on semantic fit only, not verified search volume, CPC, KD, rankings, or conversions."
CL-005,Mobile App Development,9,S-040,mobile app development services,Global English,Commercial Investigation,Service procurement,Service-language variation,mobile app development company,Commercial service page,/services/mobile-app-development,Verify current route in site inventory,Low,Maintain one canonical page for this cluster and merge close wording variations into it.,High,"Published apps, screenshots, platform expertise, and measurable outcomes",Required — validate the first 10 organic results in each priority country,Candidate cluster — metrics and SERP validation required,"Primary selection is based on semantic fit only, not verified search volume, CPC, KD, rankings, or conversions."
CL-005,Mobile App Development,9,S-041,custom mobile app development company,Global English,Commercial Investigation,Vendor selection,Vendor-language variation,mobile app development company,Commercial service page,/services/mobile-app-development,Verify current route in site inventory,Low,Maintain one canonical page for this cluster and merge close wording variations into it.,High,"Published apps, screenshots, platform expertise, and measurable outcomes",Required — validate the first 10 organic results in each priority country,Candidate cluster — metrics and SERP validation required,"Primary selection is based on semantic fit only, not verified search volume, CPC, KD, rankings, or conversions."
CL-005,Mobile App Development,9,S-042,iOS app development company,Global English,Commercial Investigation,Vendor selection,Vendor-language variation,mobile app development company,Commercial service page,/services/mobile-app-development,Verify current route in site inventory,Low,Maintain one canonical page for this cluster and merge close wording variations into it.,High,"Published apps, screenshots, platform expertise, and measurable outcomes",Required — validate the first 10 organic results in each priority country,Candidate cluster — metrics and SERP validation required,"Primary selection is based on semantic fit only, not verified search volume, CPC, KD, rankings, or conversions."
CL-005,Mobile App Development,9,S-043,Android app development company,Global English,Commercial Investigation,Vendor selection,Vendor-language variation,mobile app development company,Commercial service page,/services/mobile-app-development,Verify current route in site inventory,Low,Maintain one canonical page for this cluster and merge close wording variations into it.,High,"Published apps, screenshots, platform expertise, and measurable outcomes",Required — validate the first 10 organic results in each priority country,Candidate cluster — metrics and SERP validation required,"Primary selection is based on semantic fit only, not verified search volume, CPC, KD, rankings, or conversions."
CL-005,Mobile App Development,9,S-044,Flutter app development company,Global English,Commercial Investigation,Vendor selection,Vendor-language variation,mobile app development company,Commercial service page,/services/mobile-app-development,Verify current route in site inventory,Low,Maintain one canonical page for this cluster and merge close wording variations into it.,High,"Published apps, screenshots, platform expertise, and measurable outcomes",Required — validate the first 10 organic results in each priority country,Candidate cluster — metrics and SERP validation required,"Primary selection is based on semantic fit only, not verified search volume, CPC, KD, rankings, or conversions."
CL-005,Mobile App Development,9,S-045,React Native app development company,Global English,Commercial Investigation,Vendor selection,Vendor-language variation,mobile app development company,Commercial service page,/services/mobile-app-development,Verify current route in site inventory,Low,Maintain one canonical page for this cluster and merge close wording variations into it.,High,"Published apps, screenshots, platform expertise, and measurable outcomes",Required — validate the first 10 organic results in each priority country,Candidate cluster — metrics and SERP validation required,"Primary selection is based on semantic fit only, not verified search volume, CPC, KD, rankings, or conversions."
CL-005,Mobile App Development,9,S-046,enterprise mobile app development,Global English,Commercial Investigation,Service procurement,Supporting keyword,mobile app development company,Commercial service page,/services/mobile-app-development,Verify current route in site inventory,Low,Maintain one canonical page for this cluster and merge close wording variations into it.,High,"Published apps, screenshots, platform expertise, and measurable outcomes",Required — validate the first 10 organic results in each priority country,Candidate cluster — metrics and SERP validation required,"Primary selection is based on semantic fit only, not verified search volume, CPC, KD, rankings, or conversions."
CL-005,Mobile App Development,9,S-047,cross-platform app development company,Global English,Commercial Investigation,Vendor selection,Vendor-language variation,mobile app development company,Commercial service page,/services/mobile-app-development,Verify current route in site inventory,Low,Maintain one canonical page for this cluster and merge close wording variations into it.,High,"Published apps, screenshots, platform expertise, and measurable outcomes",Required — validate the first 10 organic results in each priority country,Candidate cluster — metrics and SERP validation required,"Primary selection is based on semantic fit only, not verified search volume, CPC, KD, rankings, or conversions."
CL-006,API Development,6,S-048,API development company,Global English,Commercial Investigation,Vendor selection,Primary candidate,API development company,Commercial service page,/services/api-development,Verify current route in site inventory,Low,Maintain one canonical page for this cluster and merge close wording variations into it.,High,"API and integration diagrams, security approach, platforms, and project examples",Required — validate the first 10 organic results in each priority country,Candidate cluster — metrics and SERP validation required,"Primary selection is based on semantic fit only, not verified search volume, CPC, KD, rankings, or conversions."
CL-006,API Development,6,S-049,API development services,Global English,Commercial Investigation,Service procurement,Service-language variation,API development company,Commercial service page,/services/api-development,Verify current route in site inventory,Low,Maintain one canonical page for this cluster and merge close wording variations into it.,High,"API and integration diagrams, security approach, platforms, and project examples",Required — validate the first 10 organic results in each priority country,Candidate cluster — metrics and SERP validation required,"Primary selection is based on semantic fit only, not verified search volume, CPC, KD, rankings, or conversions."
CL-006,API Development,6,S-050,custom API development services,Global English,Commercial Investigation,Service procurement,Service-language variation,API development company,Commercial service page,/services/api-development,Verify current route in site inventory,Low,Maintain one canonical page for this cluster and merge close wording variations into it.,High,"API and integration diagrams, security approach, platforms, and project examples",Required — validate the first 10 organic results in each priority country,Candidate cluster — metrics and SERP validation required,"Primary selection is based on semantic fit only, not verified search volume, CPC, KD, rankings, or conversions."
CL-006,API Development,6,S-051,REST API development company,Global English,Commercial Investigation,Vendor selection,Vendor-language variation,API development company,Commercial service page,/services/api-development,Verify current route in site inventory,Low,Maintain one canonical page for this cluster and merge close wording variations into it.,High,"API and integration diagrams, security approach, platforms, and project examples",Required — validate the first 10 organic results in each priority country,Candidate cluster — metrics and SERP validation required,"Primary selection is based on semantic fit only, not verified search volume, CPC, KD, rankings, or conversions."
CL-006,API Development,6,S-052,backend development services,Global English,Commercial Investigation,Service procurement,Service-language variation,API development company,Commercial service page,/services/api-development,Verify current route in site inventory,Low,Maintain one canonical page for this cluster and merge close wording variations into it.,High,"API and integration diagrams, security approach, platforms, and project examples",Required — validate the first 10 organic results in each priority country,Candidate cluster — metrics and SERP validation required,"Primary selection is based on semantic fit only, not verified search volume, CPC, KD, rankings, or conversions."
CL-006,API Development,6,S-053,web service development company,Global English,Commercial Investigation,Vendor selection,Vendor-language variation,API development company,Commercial service page,/services/api-development,Verify current route in site inventory,Low,Maintain one canonical page for this cluster and merge close wording variations into it.,High,"API and integration diagrams, security approach, platforms, and project examples",Required — validate the first 10 organic results in each priority country,Candidate cluster — metrics and SERP validation required,"Primary selection is based on semantic fit only, not verified search volume, CPC, KD, rankings, or conversions."
CL-007,System Integration,4,S-054,system integration company,Global English,Commercial Investigation,Vendor selection,Primary candidate,system integration company,Commercial service page,/services/system-integration,Verify current route in site inventory,Low,Maintain one canonical page for this cluster and merge close wording variations into it.,High,"API and integration diagrams, security approach, platforms, and project examples",Required — validate the first 10 organic results in each priority country,Candidate cluster — metrics and SERP validation required,"Primary selection is based on semantic fit only, not verified search volume, CPC, KD, rankings, or conversions."
CL-007,System Integration,4,S-055,system integration services,Global English,Commercial Investigation,Service procurement,Service-language variation,system integration company,Commercial service page,/services/system-integration,Verify current route in site inventory,Low,Maintain one canonical page for this cluster and merge close wording variations into it.,High,"API and integration diagrams, security approach, platforms, and project examples",Required — validate the first 10 organic results in each priority country,Candidate cluster — metrics and SERP validation required,"Primary selection is based on semantic fit only, not verified search volume, CPC, KD, rankings, or conversions."
CL-007,System Integration,4,S-056,enterprise application integration services,Global English,Commercial Investigation,Service procurement,Service-language variation,system integration company,Commercial service page,/services/system-integration,Verify current route in site inventory,Low,Maintain one canonical page for this cluster and merge close wording variations into it.,High,"API and integration diagrams, security approach, platforms, and project examples",Required — validate the first 10 organic results in each priority country,Candidate cluster — metrics and SERP validation required,"Primary selection is based on semantic fit only, not verified search volume, CPC, KD, rankings, or conversions."
CL-007,System Integration,4,S-057,ERP integration services,Global English,Commercial Investigation,Service procurement,Service-language variation,system integration company,Commercial service page,/services/system-integration,Verify current route in site inventory,Low,Maintain one canonical page for this cluster and merge close wording variations into it.,High,"API and integration diagrams, security approach, platforms, and project examples",Required — validate the first 10 organic results in each priority country,Candidate cluster — metrics and SERP validation required,"Primary selection is based on semantic fit only, not verified search volume, CPC, KD, rankings, or conversions."
CL-008,Hire Developers,7,S-058,hire developers,Global English,Transactional,Developer or engineering-team hiring,Primary candidate,hire developers,Hiring landing page,/hire-developers,Hub page; regional modifiers must not create unsupported location pages,High,"Compare overlapping hub, custom-software, hiring, staffing, augmentation, and dedicated-team pages before implementation.",High,"Vetting process, sample profiles, availability, time-zone coverage, IP, and rates",Required — validate the first 10 organic results in each priority country,Candidate cluster — metrics and SERP validation required,"Primary selection is based on semantic fit only, not verified search volume, CPC, KD, rankings, or conversions."
CL-008,Hire Developers,7,S-059,hire dedicated developers,Global English,Transactional,Developer or engineering-team hiring,Supporting keyword,hire developers,Hiring landing page,/hire-developers,Hub page; regional modifiers must not create unsupported location pages,High,"Compare overlapping hub, custom-software, hiring, staffing, augmentation, and dedicated-team pages before implementation.",High,"Vetting process, sample profiles, availability, time-zone coverage, IP, and rates",Required — validate the first 10 organic results in each priority country,Candidate cluster — metrics and SERP validation required,"Primary selection is based on semantic fit only, not verified search volume, CPC, KD, rankings, or conversions."
CL-008,Hire Developers,7,S-060,hire software developers,Global English,Transactional,Developer or engineering-team hiring,Supporting keyword,hire developers,Hiring landing page,/hire-developers,Hub page; regional modifiers must not create unsupported location pages,High,"Compare overlapping hub, custom-software, hiring, staffing, augmentation, and dedicated-team pages before implementation.",High,"Vetting process, sample profiles, availability, time-zone coverage, IP, and rates",Required — validate the first 10 organic results in each priority country,Candidate cluster — metrics and SERP validation required,"Primary selection is based on semantic fit only, not verified search volume, CPC, KD, rankings, or conversions."
CL-008,Hire Developers,7,S-061,hire remote developers,Global English,Transactional,Developer or engineering-team hiring,Supporting keyword,hire developers,Hiring landing page,/hire-developers,Hub page; regional modifiers must not create unsupported location pages,High,"Compare overlapping hub, custom-software, hiring, staffing, augmentation, and dedicated-team pages before implementation.",High,"Vetting process, sample profiles, availability, time-zone coverage, IP, and rates",Required — validate the first 10 organic results in each priority country,Candidate cluster — metrics and SERP validation required,"Primary selection is based on semantic fit only, not verified search volume, CPC, KD, rankings, or conversions."
CL-009,Hire Full-Stack Developers,1,S-062,hire full stack developers,Global English,Transactional,Developer or engineering-team hiring,Primary candidate,hire full stack developers,Specialist hiring page,/hire-developers/full-stack,Proposed child page; merge into hub if SERP does not justify separation,High,A specialist page is justified only when its live SERP and buyer need differ from the Hire Developers hub and adjacent technologies.,High,"Vetting process, sample profiles, availability, time-zone coverage, IP, and rates",Required — validate the first 10 organic results in each priority country,Candidate cluster — metrics and SERP validation required,"Primary selection is based on semantic fit only, not verified search volume, CPC, KD, rankings, or conversions."
CL-010,Hire React Developers,1,S-063,hire React developers,Global English,Transactional,Developer or engineering-team hiring,Primary candidate,hire React developers,Specialist hiring page,/hire-developers/react,Proposed child page; validate overlap with Next.js,High,A specialist page is justified only when its live SERP and buyer need differ from the Hire Developers hub and adjacent technologies.,High,"Vetting process, sample profiles, availability, time-zone coverage, IP, and rates",Required — validate the first 10 organic results in each priority country,Candidate cluster — metrics and SERP validation required,"Primary selection is based on semantic fit only, not verified search volume, CPC, KD, rankings, or conversions."
CL-011,Hire Next.js Developers,1,S-064,hire Next.js developers,Global English,Transactional,Developer or engineering-team hiring,Primary candidate,hire Next.js developers,Specialist hiring page,/hire-developers/nextjs,Proposed child page; validate overlap with React,High,A specialist page is justified only when its live SERP and buyer need differ from the Hire Developers hub and adjacent technologies.,High,"Vetting process, sample profiles, availability, time-zone coverage, IP, and rates",Required — validate the first 10 organic results in each priority country,Candidate cluster — metrics and SERP validation required,"Primary selection is based on semantic fit only, not verified search volume, CPC, KD, rankings, or conversions."
CL-012,Hire Node.js Developers,1,S-065,hire Node.js developers,Global English,Transactional,Developer or engineering-team hiring,Primary candidate,hire Node.js developers,Specialist hiring page,/hire-developers/nodejs,Proposed child page,High,A specialist page is justified only when its live SERP and buyer need differ from the Hire Developers hub and adjacent technologies.,High,"Vetting process, sample profiles, availability, time-zone coverage, IP, and rates",Required — validate the first 10 organic results in each priority country,Candidate cluster — metrics and SERP validation required,"Primary selection is based on semantic fit only, not verified search volume, CPC, KD, rankings, or conversions."
CL-013,Hire Python Developers,1,S-066,hire Python developers,Global English,Transactional,Developer or engineering-team hiring,Primary candidate,hire Python developers,Specialist hiring page,/hire-developers/python,Proposed child page,High,A specialist page is justified only when its live SERP and buyer need differ from the Hire Developers hub and adjacent technologies.,High,"Vetting process, sample profiles, availability, time-zone coverage, IP, and rates",Required — validate the first 10 organic results in each priority country,Candidate cluster — metrics and SERP validation required,"Primary selection is based on semantic fit only, not verified search volume, CPC, KD, rankings, or conversions."
CL-014,Hire Laravel Developers,1,S-067,hire Laravel developers,Global English,Transactional,Developer or engineering-team hiring,Primary candidate,hire Laravel developers,Specialist hiring page,/hire-developers/laravel,Proposed child page,High,A specialist page is justified only when its live SERP and buyer need differ from the Hire Developers hub and adjacent technologies.,High,"Vetting process, sample profiles, availability, time-zone coverage, IP, and rates",Required — validate the first 10 organic results in each priority country,Candidate cluster — metrics and SERP validation required,"Primary selection is based on semantic fit only, not verified search volume, CPC, KD, rankings, or conversions."
CL-015,Hire Mobile App Developers,1,S-068,hire mobile app developers,Global English,Transactional,Developer or engineering-team hiring,Primary candidate,hire mobile app developers,Specialist hiring page,/hire-developers/mobile-app,Proposed child page; validate overlap with Flutter,High,A specialist page is justified only when its live SERP and buyer need differ from the Hire Developers hub and adjacent technologies.,High,"Vetting process, sample profiles, availability, time-zone coverage, IP, and rates",Required — validate the first 10 organic results in each priority country,Candidate cluster — metrics and SERP validation required,"Primary selection is based on semantic fit only, not verified search volume, CPC, KD, rankings, or conversions."
CL-016,Hire Flutter Developers,1,S-069,hire Flutter developers,Global English,Transactional,Developer or engineering-team hiring,Primary candidate,hire Flutter developers,Specialist hiring page,/hire-developers/flutter,Proposed child page; validate overlap with mobile-app hiring,High,A specialist page is justified only when its live SERP and buyer need differ from the Hire Developers hub and adjacent technologies.,High,"Vetting process, sample profiles, availability, time-zone coverage, IP, and rates",Required — validate the first 10 organic results in each priority country,Candidate cluster — metrics and SERP validation required,"Primary selection is based on semantic fit only, not verified search volume, CPC, KD, rankings, or conversions."
CL-017,Hire DevOps Engineers,1,S-070,hire DevOps engineers,Global English,Transactional,Developer or engineering-team hiring,Primary candidate,hire DevOps engineers,Specialist hiring page,/hire-developers/devops,Proposed child page,High,A specialist page is justified only when its live SERP and buyer need differ from the Hire Developers hub and adjacent technologies.,High,"Vetting process, sample profiles, availability, time-zone coverage, IP, and rates",Required — validate the first 10 organic results in each priority country,Candidate cluster — metrics and SERP validation required,"Primary selection is based on semantic fit only, not verified search volume, CPC, KD, rankings, or conversions."
CL-018,Hire QA Engineers,1,S-071,hire QA engineers,Global English,Transactional,Developer or engineering-team hiring,Primary candidate,hire QA engineers,Specialist hiring page,/hire-developers/qa,Proposed child page,High,A specialist page is justified only when its live SERP and buyer need differ from the Hire Developers hub and adjacent technologies.,High,"Vetting process, sample profiles, availability, time-zone coverage, IP, and rates",Required — validate the first 10 organic results in each priority country,Candidate cluster — metrics and SERP validation required,"Primary selection is based on semantic fit only, not verified search volume, CPC, KD, rankings, or conversions."
CL-019,Hire AI Developers,1,S-072,hire AI developers,Global English,Transactional,Developer or engineering-team hiring,Primary candidate,hire AI developers,Specialist hiring page,/hire-developers/ai,Proposed child page,High,A specialist page is justified only when its live SERP and buyer need differ from the Hire Developers hub and adjacent technologies.,High,"Vetting process, sample profiles, availability, time-zone coverage, IP, and rates",Required — validate the first 10 organic results in each priority country,Candidate cluster — metrics and SERP validation required,"Primary selection is based on semantic fit only, not verified search volume, CPC, KD, rankings, or conversions."
CL-020,IT Staff Augmentation,5,S-073,IT staff augmentation services,Global English,Commercial Investigation,Engineering engagement-model selection,Primary candidate,IT staff augmentation services,Commercial service page,/services/staff-augmentation,Verify route and keep distinct from hiring and dedicated-team pages,High,"Compare overlapping hub, custom-software, hiring, staffing, augmentation, and dedicated-team pages before implementation.",High,"Clear model definitions, management ownership, SLAs, pricing model, and case proof",Required — validate the first 10 organic results in each priority country,Candidate cluster — metrics and SERP validation required,"Primary selection is based on semantic fit only, not verified search volume, CPC, KD, rankings, or conversions."
CL-020,IT Staff Augmentation,5,S-074,software development staff augmentation,Global English,Commercial Investigation,Engineering engagement-model selection,Supporting keyword,IT staff augmentation services,Commercial service page,/services/staff-augmentation,Verify route and keep distinct from hiring and dedicated-team pages,High,"Compare overlapping hub, custom-software, hiring, staffing, augmentation, and dedicated-team pages before implementation.",High,"Clear model definitions, management ownership, SLAs, pricing model, and case proof",Required — validate the first 10 organic results in each priority country,Candidate cluster — metrics and SERP validation required,"Primary selection is based on semantic fit only, not verified search volume, CPC, KD, rankings, or conversions."
CL-020,IT Staff Augmentation,5,S-075,technical staff augmentation services,Global English,Commercial Investigation,Engineering engagement-model selection,Service-language variation,IT staff augmentation services,Commercial service page,/services/staff-augmentation,Verify route and keep distinct from hiring and dedicated-team pages,High,"Compare overlapping hub, custom-software, hiring, staffing, augmentation, and dedicated-team pages before implementation.",High,"Clear model definitions, management ownership, SLAs, pricing model, and case proof",Required — validate the first 10 organic results in each priority country,Candidate cluster — metrics and SERP validation required,"Primary selection is based on semantic fit only, not verified search volume, CPC, KD, rankings, or conversions."
CL-020,IT Staff Augmentation,5,S-076,engineering staff augmentation company,Global English,Commercial Investigation,Vendor selection,Vendor-language variation,IT staff augmentation services,Commercial service page,/services/staff-augmentation,Verify route and keep distinct from hiring and dedicated-team pages,High,"Compare overlapping hub, custom-software, hiring, staffing, augmentation, and dedicated-team pages before implementation.",High,"Clear model definitions, management ownership, SLAs, pricing model, and case proof",Required — validate the first 10 organic results in each priority country,Candidate cluster — metrics and SERP validation required,"Primary selection is based on semantic fit only, not verified search volume, CPC, KD, rankings, or conversions."
CL-021,Dedicated Development Team,3,S-077,dedicated development team,Global English,Commercial Investigation,Engineering engagement-model selection,Primary candidate,dedicated development team,Commercial service page,/services/dedicated-development-team,Verify route and define engagement-model distinction,High,"Compare overlapping hub, custom-software, hiring, staffing, augmentation, and dedicated-team pages before implementation.",High,"Clear model definitions, management ownership, SLAs, pricing model, and case proof",Required — validate the first 10 organic results in each priority country,Candidate cluster — metrics and SERP validation required,"Primary selection is based on semantic fit only, not verified search volume, CPC, KD, rankings, or conversions."
CL-021,Dedicated Development Team,3,S-078,dedicated software development team,Global English,Commercial Investigation,Service procurement,Supporting keyword,dedicated development team,Commercial service page,/services/dedicated-development-team,Verify route and define engagement-model distinction,High,"Compare overlapping hub, custom-software, hiring, staffing, augmentation, and dedicated-team pages before implementation.",High,"Clear model definitions, management ownership, SLAs, pricing model, and case proof",Required — validate the first 10 organic results in each priority country,Candidate cluster — metrics and SERP validation required,"Primary selection is based on semantic fit only, not verified search volume, CPC, KD, rankings, or conversions."
CL-021,Dedicated Development Team,3,S-079,hire a dedicated development team,Global English,Transactional,Developer or engineering-team hiring,Supporting keyword,dedicated development team,Commercial service page,/services/dedicated-development-team,Verify route and define engagement-model distinction,High,"Compare overlapping hub, custom-software, hiring, staffing, augmentation, and dedicated-team pages before implementation.",High,"Clear model definitions, management ownership, SLAs, pricing model, and case proof",Required — validate the first 10 organic results in each priority country,Candidate cluster — metrics and SERP validation required,"Primary selection is based on semantic fit only, not verified search volume, CPC, KD, rankings, or conversions."
CL-022,Managed Engineering Team,2,S-080,managed software development team,Global English,Commercial Investigation,Engineering engagement-model selection,Primary candidate,managed software development team,Commercial service page,/services/managed-engineering-team,Verify route and define management responsibility,Low,Maintain one canonical page for this cluster and merge close wording variations into it.,High,"Clear model definitions, management ownership, SLAs, pricing model, and case proof",Required — validate the first 10 organic results in each priority country,Candidate cluster — metrics and SERP validation required,"Primary selection is based on semantic fit only, not verified search volume, CPC, KD, rankings, or conversions."
CL-022,Managed Engineering Team,2,S-081,managed engineering services,Global English,Commercial Investigation,Service procurement,Service-language variation,managed software development team,Commercial service page,/services/managed-engineering-team,Verify route and define management responsibility,Low,Maintain one canonical page for this cluster and merge close wording variations into it.,High,"Clear model definitions, management ownership, SLAs, pricing model, and case proof",Required — validate the first 10 organic results in each priority country,Candidate cluster — metrics and SERP validation required,"Primary selection is based on semantic fit only, not verified search volume, CPC, KD, rankings, or conversions."
CL-023,Software Team Extension,1,S-082,software development team extension,Global English,Commercial Investigation,Engineering engagement-model selection,Primary candidate,software development team extension,Commercial service page,/services/team-extension,Proposed page; validate separation from staff augmentation,High,"Compare overlapping hub, custom-software, hiring, staffing, augmentation, and dedicated-team pages before implementation.",High,"Clear model definitions, management ownership, SLAs, pricing model, and case proof",Required — validate the first 10 organic results in each priority country,Candidate cluster — metrics and SERP validation required,"Primary selection is based on semantic fit only, not verified search volume, CPC, KD, rankings, or conversions."
CL-024,IT Staffing,2,S-083,IT staffing services,Global English,Commercial Investigation,Engineering engagement-model selection,Primary candidate,IT staffing services,Commercial service page,/services/it-staffing,Proposed page; validate staffing vs augmentation intent,High,"Compare overlapping hub, custom-software, hiring, staffing, augmentation, and dedicated-team pages before implementation.",High,"Clear model definitions, management ownership, SLAs, pricing model, and case proof",Required — validate the first 10 organic results in each priority country,Candidate cluster — metrics and SERP validation required,"Primary selection is based on semantic fit only, not verified search volume, CPC, KD, rankings, or conversions."
CL-024,IT Staffing,2,S-084,technology staffing company,Global English,Commercial Investigation,Vendor selection,Vendor-language variation,IT staffing services,Commercial service page,/services/it-staffing,Proposed page; validate staffing vs augmentation intent,High,"Compare overlapping hub, custom-software, hiring, staffing, augmentation, and dedicated-team pages before implementation.",High,"Clear model definitions, management ownership, SLAs, pricing model, and case proof",Required — validate the first 10 organic results in each priority country,Candidate cluster — metrics and SERP validation required,"Primary selection is based on semantic fit only, not verified search volume, CPC, KD, rankings, or conversions."
CL-025,AI Development,9,S-085,AI development company,Global English,Commercial Investigation,Vendor selection,Primary candidate,AI development company,Commercial service page,/services/artificial-intelligence,AI hub candidate; child topics require independent SERP evidence,Medium,"Check adjacent service pages for overlapping outcomes, technologies, and SERP page types before assigning a canonical target.",High,"Approved AI use cases, model stack, security, data privacy, and outcomes",Required — validate the first 10 organic results in each priority country,Candidate cluster — metrics and SERP validation required,"Primary selection is based on semantic fit only, not verified search volume, CPC, KD, rankings, or conversions."
CL-025,AI Development,9,S-086,AI development services,Global English,Commercial Investigation,Service procurement,Service-language variation,AI development company,Commercial service page,/services/artificial-intelligence,AI hub candidate; child topics require independent SERP evidence,Medium,"Check adjacent service pages for overlapping outcomes, technologies, and SERP page types before assigning a canonical target.",High,"Approved AI use cases, model stack, security, data privacy, and outcomes",Required — validate the first 10 organic results in each priority country,Candidate cluster — metrics and SERP validation required,"Primary selection is based on semantic fit only, not verified search volume, CPC, KD, rankings, or conversions."
CL-025,AI Development,9,S-087,generative AI development company,Global English,Commercial Investigation,Vendor selection,Vendor-language variation,AI development company,Commercial service page,/services/artificial-intelligence,AI hub candidate; child topics require independent SERP evidence,Medium,"Check adjacent service pages for overlapping outcomes, technologies, and SERP page types before assigning a canonical target.",High,"Approved AI use cases, model stack, security, data privacy, and outcomes",Required — validate the first 10 organic results in each priority country,Candidate cluster — metrics and SERP validation required,"Primary selection is based on semantic fit only, not verified search volume, CPC, KD, rankings, or conversions."
CL-025,AI Development,9,S-088,LLM development company,Global English,Commercial Investigation,Vendor selection,Vendor-language variation,AI development company,Commercial service page,/services/artificial-intelligence,AI hub candidate; child topics require independent SERP evidence,Medium,"Check adjacent service pages for overlapping outcomes, technologies, and SERP page types before assigning a canonical target.",High,"Approved AI use cases, model stack, security, data privacy, and outcomes",Required — validate the first 10 organic results in each priority country,Candidate cluster — metrics and SERP validation required,"Primary selection is based on semantic fit only, not verified search volume, CPC, KD, rankings, or conversions."
CL-025,AI Development,9,S-089,enterprise AI development services,Global English,Commercial Investigation,Service procurement,Service-language variation,AI development company,Commercial service page,/services/artificial-intelligence,AI hub candidate; child topics require independent SERP evidence,Medium,"Check adjacent service pages for overlapping outcomes, technologies, and SERP page types before assigning a canonical target.",High,"Approved AI use cases, model stack, security, data privacy, and outcomes",Required — validate the first 10 organic results in each priority country,Candidate cluster — metrics and SERP validation required,"Primary selection is based on semantic fit only, not verified search volume, CPC, KD, rankings, or conversions."
CL-025,AI Development,9,S-090,AI application development company,Global English,Commercial Investigation,Vendor selection,Vendor-language variation,AI development company,Commercial service page,/services/artificial-intelligence,AI hub candidate; child topics require independent SERP evidence,Medium,"Check adjacent service pages for overlapping outcomes, technologies, and SERP page types before assigning a canonical target.",High,"Approved AI use cases, model stack, security, data privacy, and outcomes",Required — validate the first 10 organic results in each priority country,Candidate cluster — metrics and SERP validation required,"Primary selection is based on semantic fit only, not verified search volume, CPC, KD, rankings, or conversions."
CL-025,AI Development,9,S-091,AI chatbot development company,Global English,Commercial Investigation,Vendor selection,Vendor-language variation,AI development company,Commercial service page,/services/artificial-intelligence,AI hub candidate; child topics require independent SERP evidence,Medium,"Check adjacent service pages for overlapping outcomes, technologies, and SERP page types before assigning a canonical target.",High,"Approved AI use cases, model stack, security, data privacy, and outcomes",Required — validate the first 10 organic results in each priority country,Candidate cluster — metrics and SERP validation required,"Primary selection is based on semantic fit only, not verified search volume, CPC, KD, rankings, or conversions."
CL-025,AI Development,9,S-092,computer vision development company,Global English,Commercial Investigation,Vendor selection,Vendor-language variation,AI development company,Commercial service page,/services/artificial-intelligence,AI hub candidate; child topics require independent SERP evidence,Medium,"Check adjacent service pages for overlapping outcomes, technologies, and SERP page types before assigning a canonical target.",High,"Approved AI use cases, model stack, security, data privacy, and outcomes",Required — validate the first 10 organic results in each priority country,Candidate cluster — metrics and SERP validation required,"Primary selection is based on semantic fit only, not verified search volume, CPC, KD, rankings, or conversions."
CL-025,AI Development,9,S-093,machine learning development services,Global English,Commercial Investigation,Service procurement,Service-language variation,AI development company,Commercial service page,/services/artificial-intelligence,AI hub candidate; child topics require independent SERP evidence,Medium,"Check adjacent service pages for overlapping outcomes, technologies, and SERP page types before assigning a canonical target.",High,"Approved AI use cases, model stack, security, data privacy, and outcomes",Required — validate the first 10 organic results in each priority country,Candidate cluster — metrics and SERP validation required,"Primary selection is based on semantic fit only, not verified search volume, CPC, KD, rankings, or conversions."
CL-026,Forward-Deployed AI Engineering,1,S-094,forward deployed AI engineer,Global English,Mixed / Ambiguous,"Role definition, hiring, or managed-service search",Primary candidate,forward deployed AI engineer,Commercial service page,/services/forward-deployed-ai-engineering,Hold until mixed role/service intent is resolved,Medium,"Check adjacent service pages for overlapping outcomes, technologies, and SERP page types before assigning a canonical target.",High,"Approved AI use cases, model stack, security, data privacy, and outcomes",Required — validate the first 10 organic results in each priority country,Hold — ambiguous intent,"Primary selection is based on semantic fit only, not verified search volume, CPC, KD, rankings, or conversions."
CL-027,Cloud Consulting,5,S-095,cloud consulting services,Global English,Commercial Investigation,Consulting partner selection,Primary candidate,cloud consulting services,Commercial service page,/services/cloud-consulting,Verify route and cloud-platform proof,Medium,"Check adjacent service pages for overlapping outcomes, technologies, and SERP page types before assigning a canonical target.",High,"Cloud case studies, platform expertise, migration outcomes, SLAs, and reliability evidence",Required — validate the first 10 organic results in each priority country,Candidate cluster — metrics and SERP validation required,"Primary selection is based on semantic fit only, not verified search volume, CPC, KD, rankings, or conversions."
CL-027,Cloud Consulting,5,S-096,cloud consulting company,Global English,Commercial Investigation,Vendor selection,Vendor-language variation,cloud consulting services,Commercial service page,/services/cloud-consulting,Verify route and cloud-platform proof,Medium,"Check adjacent service pages for overlapping outcomes, technologies, and SERP page types before assigning a canonical target.",High,"Cloud case studies, platform expertise, migration outcomes, SLAs, and reliability evidence",Required — validate the first 10 organic results in each priority country,Candidate cluster — metrics and SERP validation required,"Primary selection is based on semantic fit only, not verified search volume, CPC, KD, rankings, or conversions."
CL-027,Cloud Consulting,5,S-097,AWS cloud consulting services,Global English,Commercial Investigation,Consulting partner selection,Service-language variation,cloud consulting services,Commercial service page,/services/cloud-consulting,Verify route and cloud-platform proof,Medium,"Check adjacent service pages for overlapping outcomes, technologies, and SERP page types before assigning a canonical target.",High,"Cloud case studies, platform expertise, migration outcomes, SLAs, and reliability evidence",Required — validate the first 10 organic results in each priority country,Candidate cluster — metrics and SERP validation required,"Primary selection is based on semantic fit only, not verified search volume, CPC, KD, rankings, or conversions."
CL-027,Cloud Consulting,5,S-098,Azure cloud consulting services,Global English,Commercial Investigation,Consulting partner selection,Service-language variation,cloud consulting services,Commercial service page,/services/cloud-consulting,Verify route and cloud-platform proof,Medium,"Check adjacent service pages for overlapping outcomes, technologies, and SERP page types before assigning a canonical target.",High,"Cloud case studies, platform expertise, migration outcomes, SLAs, and reliability evidence",Required — validate the first 10 organic results in each priority country,Candidate cluster — metrics and SERP validation required,"Primary selection is based on semantic fit only, not verified search volume, CPC, KD, rankings, or conversions."
CL-027,Cloud Consulting,5,S-099,Google Cloud consulting services,Global English,Commercial Investigation,Consulting partner selection,Service-language variation,cloud consulting services,Commercial service page,/services/cloud-consulting,Verify route and cloud-platform proof,Medium,"Check adjacent service pages for overlapping outcomes, technologies, and SERP page types before assigning a canonical target.",High,"Cloud case studies, platform expertise, migration outcomes, SLAs, and reliability evidence",Required — validate the first 10 organic results in each priority country,Candidate cluster — metrics and SERP validation required,"Primary selection is based on semantic fit only, not verified search volume, CPC, KD, rankings, or conversions."
CL-028,Cloud Migration,3,S-100,cloud migration services,Global English,Commercial Investigation,Service procurement,Primary candidate,cloud migration services,Commercial service page,/services/cloud-migration,Verify route and keep separate from modernization,Medium,"Check adjacent service pages for overlapping outcomes, technologies, and SERP page types before assigning a canonical target.",High,"Cloud case studies, platform expertise, migration outcomes, SLAs, and reliability evidence",Required — validate the first 10 organic results in each priority country,Candidate cluster — metrics and SERP validation required,"Primary selection is based on semantic fit only, not verified search volume, CPC, KD, rankings, or conversions."
CL-028,Cloud Migration,3,S-101,cloud migration company,Global English,Commercial Investigation,Vendor selection,Vendor-language variation,cloud migration services,Commercial service page,/services/cloud-migration,Verify route and keep separate from modernization,Medium,"Check adjacent service pages for overlapping outcomes, technologies, and SERP page types before assigning a canonical target.",High,"Cloud case studies, platform expertise, migration outcomes, SLAs, and reliability evidence",Required — validate the first 10 organic results in each priority country,Candidate cluster — metrics and SERP validation required,"Primary selection is based on semantic fit only, not verified search volume, CPC, KD, rankings, or conversions."
CL-028,Cloud Migration,3,S-102,application migration to cloud,Global English,Commercial Investigation,Service procurement,Supporting keyword,cloud migration services,Commercial service page,/services/cloud-migration,Verify route and keep separate from modernization,Medium,"Check adjacent service pages for overlapping outcomes, technologies, and SERP page types before assigning a canonical target.",High,"Cloud case studies, platform expertise, migration outcomes, SLAs, and reliability evidence",Required — validate the first 10 organic results in each priority country,Candidate cluster — metrics and SERP validation required,"Primary selection is based on semantic fit only, not verified search volume, CPC, KD, rankings, or conversions."
CL-029,Cloud Managed Services,1,S-103,cloud managed services,Global English,Commercial Investigation,Service procurement,Primary candidate,cloud managed services,Commercial service page,/services/cloud-managed-services,Proposed page; verify ongoing-service intent,Medium,"Check adjacent service pages for overlapping outcomes, technologies, and SERP page types before assigning a canonical target.",High,"Cloud case studies, platform expertise, migration outcomes, SLAs, and reliability evidence",Required — validate the first 10 organic results in each priority country,Candidate cluster — metrics and SERP validation required,"Primary selection is based on semantic fit only, not verified search volume, CPC, KD, rankings, or conversions."
CL-030,DevOps Consulting,4,S-104,DevOps consulting services,Global English,Commercial Investigation,Consulting partner selection,Primary candidate,DevOps consulting services,Commercial service page,/services/devops,Verify route and platform proof,Medium,"Check adjacent service pages for overlapping outcomes, technologies, and SERP page types before assigning a canonical target.",High,"Cloud case studies, platform expertise, migration outcomes, SLAs, and reliability evidence",Required — validate the first 10 organic results in each priority country,Candidate cluster — metrics and SERP validation required,"Primary selection is based on semantic fit only, not verified search volume, CPC, KD, rankings, or conversions."
CL-030,DevOps Consulting,4,S-105,DevOps consulting company,Global English,Commercial Investigation,Vendor selection,Vendor-language variation,DevOps consulting services,Commercial service page,/services/devops,Verify route and platform proof,Medium,"Check adjacent service pages for overlapping outcomes, technologies, and SERP page types before assigning a canonical target.",High,"Cloud case studies, platform expertise, migration outcomes, SLAs, and reliability evidence",Required — validate the first 10 organic results in each priority country,Candidate cluster — metrics and SERP validation required,"Primary selection is based on semantic fit only, not verified search volume, CPC, KD, rankings, or conversions."
CL-030,DevOps Consulting,4,S-106,CI/CD consulting services,Global English,Commercial Investigation,Consulting partner selection,Service-language variation,DevOps consulting services,Commercial service page,/services/devops,Verify route and platform proof,Medium,"Check adjacent service pages for overlapping outcomes, technologies, and SERP page types before assigning a canonical target.",High,"Cloud case studies, platform expertise, migration outcomes, SLAs, and reliability evidence",Required — validate the first 10 organic results in each priority country,Candidate cluster — metrics and SERP validation required,"Primary selection is based on semantic fit only, not verified search volume, CPC, KD, rankings, or conversions."
CL-030,DevOps Consulting,4,S-107,Kubernetes consulting services,Global English,Commercial Investigation,Consulting partner selection,Service-language variation,DevOps consulting services,Commercial service page,/services/devops,Verify route and platform proof,Medium,"Check adjacent service pages for overlapping outcomes, technologies, and SERP page types before assigning a canonical target.",High,"Cloud case studies, platform expertise, migration outcomes, SLAs, and reliability evidence",Required — validate the first 10 organic results in each priority country,Candidate cluster — metrics and SERP validation required,"Primary selection is based on semantic fit only, not verified search volume, CPC, KD, rankings, or conversions."
CL-031,Data Platform Engineering,5,S-108,data engineering services,Global English,Commercial Investigation,Service procurement,Primary candidate,data engineering services,Commercial service page,/services/data-platform-engineering,Verify route and supporting data-platform proof,Medium,"Check adjacent service pages for overlapping outcomes, technologies, and SERP page types before assigning a canonical target.",High,"Data architecture, governance, migration, dashboards, platforms, and outcomes",Required — validate the first 10 organic results in each priority country,Candidate cluster — metrics and SERP validation required,"Primary selection is based on semantic fit only, not verified search volume, CPC, KD, rankings, or conversions."
CL-031,Data Platform Engineering,5,S-109,data engineering consulting company,Global English,Commercial Investigation,Vendor selection,Vendor-language variation,data engineering services,Commercial service page,/services/data-platform-engineering,Verify route and supporting data-platform proof,Medium,"Check adjacent service pages for overlapping outcomes, technologies, and SERP page types before assigning a canonical target.",High,"Data architecture, governance, migration, dashboards, platforms, and outcomes",Required — validate the first 10 organic results in each priority country,Candidate cluster — metrics and SERP validation required,"Primary selection is based on semantic fit only, not verified search volume, CPC, KD, rankings, or conversions."
CL-031,Data Platform Engineering,5,S-110,data platform engineering services,Global English,Commercial Investigation,Service procurement,Service-language variation,data engineering services,Commercial service page,/services/data-platform-engineering,Verify route and supporting data-platform proof,Medium,"Check adjacent service pages for overlapping outcomes, technologies, and SERP page types before assigning a canonical target.",High,"Data architecture, governance, migration, dashboards, platforms, and outcomes",Required — validate the first 10 organic results in each priority country,Candidate cluster — metrics and SERP validation required,"Primary selection is based on semantic fit only, not verified search volume, CPC, KD, rankings, or conversions."
CL-031,Data Platform Engineering,5,S-111,modern data platform consulting,Global English,Commercial Investigation,Consulting partner selection,Supporting keyword,data engineering services,Commercial service page,/services/data-platform-engineering,Verify route and supporting data-platform proof,Medium,"Check adjacent service pages for overlapping outcomes, technologies, and SERP page types before assigning a canonical target.",High,"Data architecture, governance, migration, dashboards, platforms, and outcomes",Required — validate the first 10 organic results in each priority country,Candidate cluster — metrics and SERP validation required,"Primary selection is based on semantic fit only, not verified search volume, CPC, KD, rankings, or conversions."
CL-031,Data Platform Engineering,5,S-112,data pipeline development services,Global English,Commercial Investigation,Service procurement,Service-language variation,data engineering services,Commercial service page,/services/data-platform-engineering,Verify route and supporting data-platform proof,Medium,"Check adjacent service pages for overlapping outcomes, technologies, and SERP page types before assigning a canonical target.",High,"Data architecture, governance, migration, dashboards, platforms, and outcomes",Required — validate the first 10 organic results in each priority country,Candidate cluster — metrics and SERP validation required,"Primary selection is based on semantic fit only, not verified search volume, CPC, KD, rankings, or conversions."
CL-032,Data Migration,1,S-113,data migration services,Global English,Commercial Investigation,Service procurement,Primary candidate,data migration services,Commercial service page,/services/data-migration,Proposed page; validate distinction from cloud migration,Medium,"Check adjacent service pages for overlapping outcomes, technologies, and SERP page types before assigning a canonical target.",High,"Data architecture, governance, migration, dashboards, platforms, and outcomes",Required — validate the first 10 organic results in each priority country,Candidate cluster — metrics and SERP validation required,"Primary selection is based on semantic fit only, not verified search volume, CPC, KD, rankings, or conversions."
CL-033,Data Strategy and Governance,2,S-114,data governance consulting,Global English,Commercial Investigation,Consulting partner selection,Primary candidate,data governance consulting,Commercial service page,/services/data-strategy-and-governance,Verify route and consulting proof,Low,Maintain one canonical page for this cluster and merge close wording variations into it.,High,"Data architecture, governance, migration, dashboards, platforms, and outcomes",Required — validate the first 10 organic results in each priority country,Candidate cluster — metrics and SERP validation required,"Primary selection is based on semantic fit only, not verified search volume, CPC, KD, rankings, or conversions."
CL-033,Data Strategy and Governance,2,S-115,data strategy consulting services,Global English,Commercial Investigation,Consulting partner selection,Service-language variation,data governance consulting,Commercial service page,/services/data-strategy-and-governance,Verify route and consulting proof,Low,Maintain one canonical page for this cluster and merge close wording variations into it.,High,"Data architecture, governance, migration, dashboards, platforms, and outcomes",Required — validate the first 10 organic results in each priority country,Candidate cluster — metrics and SERP validation required,"Primary selection is based on semantic fit only, not verified search volume, CPC, KD, rankings, or conversions."
CL-034,Business Intelligence Consulting,2,S-116,business intelligence consulting services,Global English,Commercial Investigation,Consulting partner selection,Primary candidate,business intelligence consulting services,Commercial service page,/services/reporting-and-business-intelligence,Verify route and Power BI proof,Low,Maintain one canonical page for this cluster and merge close wording variations into it.,High,"Data architecture, governance, migration, dashboards, platforms, and outcomes",Required — validate the first 10 organic results in each priority country,Candidate cluster — metrics and SERP validation required,"Primary selection is based on semantic fit only, not verified search volume, CPC, KD, rankings, or conversions."
CL-034,Business Intelligence Consulting,2,S-117,Power BI consulting company,Global English,Commercial Investigation,Vendor selection,Vendor-language variation,business intelligence consulting services,Commercial service page,/services/reporting-and-business-intelligence,Verify route and Power BI proof,Low,Maintain one canonical page for this cluster and merge close wording variations into it.,High,"Data architecture, governance, migration, dashboards, platforms, and outcomes",Required — validate the first 10 organic results in each priority country,Candidate cluster — metrics and SERP validation required,"Primary selection is based on semantic fit only, not verified search volume, CPC, KD, rankings, or conversions."
CL-035,Quality Engineering and Testing,8,S-118,QA testing services,Global English,Commercial Investigation,Service procurement,Primary candidate,QA testing services,Commercial service page,/services/quality-engineering,Service hub candidate; specialist testing pages require SERP evidence,Low,Maintain one canonical page for this cluster and merge close wording variations into it.,High,"Automation frameworks, coverage, defect metrics, CI/CD process, and case proof",Required — validate the first 10 organic results in each priority country,Candidate cluster — metrics and SERP validation required,"Primary selection is based on semantic fit only, not verified search volume, CPC, KD, rankings, or conversions."
CL-035,Quality Engineering and Testing,8,S-119,software testing company,Global English,Commercial Investigation,Vendor selection,Vendor-language variation,QA testing services,Commercial service page,/services/quality-engineering,Service hub candidate; specialist testing pages require SERP evidence,Low,Maintain one canonical page for this cluster and merge close wording variations into it.,High,"Automation frameworks, coverage, defect metrics, CI/CD process, and case proof",Required — validate the first 10 organic results in each priority country,Candidate cluster — metrics and SERP validation required,"Primary selection is based on semantic fit only, not verified search volume, CPC, KD, rankings, or conversions."
CL-035,Quality Engineering and Testing,8,S-120,quality engineering services,Global English,Commercial Investigation,Service procurement,Service-language variation,QA testing services,Commercial service page,/services/quality-engineering,Service hub candidate; specialist testing pages require SERP evidence,Low,Maintain one canonical page for this cluster and merge close wording variations into it.,High,"Automation frameworks, coverage, defect metrics, CI/CD process, and case proof",Required — validate the first 10 organic results in each priority country,Candidate cluster — metrics and SERP validation required,"Primary selection is based on semantic fit only, not verified search volume, CPC, KD, rankings, or conversions."
CL-035,Quality Engineering and Testing,8,S-121,QA automation services,Global English,Commercial Investigation,Service procurement,Service-language variation,QA testing services,Commercial service page,/services/quality-engineering,Service hub candidate; specialist testing pages require SERP evidence,Low,Maintain one canonical page for this cluster and merge close wording variations into it.,High,"Automation frameworks, coverage, defect metrics, CI/CD process, and case proof",Required — validate the first 10 organic results in each priority country,Candidate cluster — metrics and SERP validation required,"Primary selection is based on semantic fit only, not verified search volume, CPC, KD, rankings, or conversions."
CL-035,Quality Engineering and Testing,8,S-122,software test automation company,Global English,Commercial Investigation,Vendor selection,Vendor-language variation,QA testing services,Commercial service page,/services/quality-engineering,Service hub candidate; specialist testing pages require SERP evidence,Low,Maintain one canonical page for this cluster and merge close wording variations into it.,High,"Automation frameworks, coverage, defect metrics, CI/CD process, and case proof",Required — validate the first 10 organic results in each priority country,Candidate cluster — metrics and SERP validation required,"Primary selection is based on semantic fit only, not verified search volume, CPC, KD, rankings, or conversions."
CL-035,Quality Engineering and Testing,8,S-123,performance testing services,Global English,Commercial Investigation,Service procurement,Service-language variation,QA testing services,Commercial service page,/services/quality-engineering,Service hub candidate; specialist testing pages require SERP evidence,Low,Maintain one canonical page for this cluster and merge close wording variations into it.,High,"Automation frameworks, coverage, defect metrics, CI/CD process, and case proof",Required — validate the first 10 organic results in each priority country,Candidate cluster — metrics and SERP validation required,"Primary selection is based on semantic fit only, not verified search volume, CPC, KD, rankings, or conversions."
CL-035,Quality Engineering and Testing,8,S-124,mobile app testing services,Global English,Commercial Investigation,Service procurement,Service-language variation,QA testing services,Commercial service page,/services/quality-engineering,Service hub candidate; specialist testing pages require SERP evidence,Low,Maintain one canonical page for this cluster and merge close wording variations into it.,High,"Automation frameworks, coverage, defect metrics, CI/CD process, and case proof",Required — validate the first 10 organic results in each priority country,Candidate cluster — metrics and SERP validation required,"Primary selection is based on semantic fit only, not verified search volume, CPC, KD, rankings, or conversions."
CL-035,Quality Engineering and Testing,8,S-125,web application testing services,Global English,Commercial Investigation,Service procurement,Service-language variation,QA testing services,Commercial service page,/services/quality-engineering,Service hub candidate; specialist testing pages require SERP evidence,Low,Maintain one canonical page for this cluster and merge close wording variations into it.,High,"Automation frameworks, coverage, defect metrics, CI/CD process, and case proof",Required — validate the first 10 organic results in each priority country,Candidate cluster — metrics and SERP validation required,"Primary selection is based on semantic fit only, not verified search volume, CPC, KD, rankings, or conversions."
CL-036,UI/UX Design,5,S-126,UI UX design services,Global English,Commercial Investigation,Service procurement,Primary candidate,UI UX design services,Commercial service page,/services/ui-ux-design,Verify route and design-system/UX-research overlap,Medium,"Check adjacent service pages for overlapping outcomes, technologies, and SERP page types before assigning a canonical target.",Medium,"Portfolio, research process, usability testing, and design-system examples",Required — validate the first 10 organic results in each priority country,Candidate cluster — metrics and SERP validation required,"Primary selection is based on semantic fit only, not verified search volume, CPC, KD, rankings, or conversions."
CL-036,UI/UX Design,5,S-127,UI UX design agency,Global English,Commercial Investigation,Vendor selection,Vendor-language variation,UI UX design services,Commercial service page,/services/ui-ux-design,Verify route and design-system/UX-research overlap,Medium,"Check adjacent service pages for overlapping outcomes, technologies, and SERP page types before assigning a canonical target.",Medium,"Portfolio, research process, usability testing, and design-system examples",Required — validate the first 10 organic results in each priority country,Candidate cluster — metrics and SERP validation required,"Primary selection is based on semantic fit only, not verified search volume, CPC, KD, rankings, or conversions."
CL-036,UI/UX Design,5,S-128,product design company,Global English,Commercial Investigation,Vendor selection,Vendor-language variation,UI UX design services,Commercial service page,/services/ui-ux-design,Verify route and design-system/UX-research overlap,Medium,"Check adjacent service pages for overlapping outcomes, technologies, and SERP page types before assigning a canonical target.",Medium,"Portfolio, research process, usability testing, and design-system examples",Required — validate the first 10 organic results in each priority country,Candidate cluster — metrics and SERP validation required,"Primary selection is based on semantic fit only, not verified search volume, CPC, KD, rankings, or conversions."
CL-036,UI/UX Design,5,S-129,UX research services,Global English,Commercial Investigation,Service procurement,Service-language variation,UI UX design services,Commercial service page,/services/ui-ux-design,Verify route and design-system/UX-research overlap,Medium,"Check adjacent service pages for overlapping outcomes, technologies, and SERP page types before assigning a canonical target.",Medium,"Portfolio, research process, usability testing, and design-system examples",Required — validate the first 10 organic results in each priority country,Candidate cluster — metrics and SERP validation required,"Primary selection is based on semantic fit only, not verified search volume, CPC, KD, rankings, or conversions."
CL-036,UI/UX Design,5,S-130,design system services,Global English,Commercial Investigation,Service procurement,Service-language variation,UI UX design services,Commercial service page,/services/ui-ux-design,Verify route and design-system/UX-research overlap,Medium,"Check adjacent service pages for overlapping outcomes, technologies, and SERP page types before assigning a canonical target.",Medium,"Portfolio, research process, usability testing, and design-system examples",Required — validate the first 10 organic results in each priority country,Candidate cluster — metrics and SERP validation required,"Primary selection is based on semantic fit only, not verified search volume, CPC, KD, rankings, or conversions."
CL-037,Experience Design,2,S-131,experience design services,Global English,Commercial Investigation,Service procurement,Primary candidate,experience design services,Commercial service page,/services/experience-design,Validate distinction from UI/UX design,Medium,"Check adjacent service pages for overlapping outcomes, technologies, and SERP page types before assigning a canonical target.",Medium,"Portfolio, research process, usability testing, and design-system examples",Required — validate the first 10 organic results in each priority country,Candidate cluster — metrics and SERP validation required,"Primary selection is based on semantic fit only, not verified search volume, CPC, KD, rankings, or conversions."
CL-037,Experience Design,2,S-132,customer experience design company,Global English,Commercial Investigation,Vendor selection,Vendor-language variation,experience design services,Commercial service page,/services/experience-design,Validate distinction from UI/UX design,Medium,"Check adjacent service pages for overlapping outcomes, technologies, and SERP page types before assigning a canonical target.",Medium,"Portfolio, research process, usability testing, and design-system examples",Required — validate the first 10 organic results in each priority country,Candidate cluster — metrics and SERP validation required,"Primary selection is based on semantic fit only, not verified search volume, CPC, KD, rankings, or conversions."
CL-038,Application Modernization,6,S-133,application modernization services,Global English,Commercial Investigation,Service procurement,Primary candidate,application modernization services,Commercial service page,/services/application-modernization,Verify route and distinction from cloud migration,Medium,"Check adjacent service pages for overlapping outcomes, technologies, and SERP page types before assigning a canonical target.",High,"Modernization assessments, migration examples, risk controls, and measurable outcomes",Required — validate the first 10 organic results in each priority country,Candidate cluster — metrics and SERP validation required,"Primary selection is based on semantic fit only, not verified search volume, CPC, KD, rankings, or conversions."
CL-038,Application Modernization,6,S-134,legacy application modernization company,Global English,Commercial Investigation,Vendor selection,Vendor-language variation,application modernization services,Commercial service page,/services/application-modernization,Verify route and distinction from cloud migration,Medium,"Check adjacent service pages for overlapping outcomes, technologies, and SERP page types before assigning a canonical target.",High,"Modernization assessments, migration examples, risk controls, and measurable outcomes",Required — validate the first 10 organic results in each priority country,Candidate cluster — metrics and SERP validation required,"Primary selection is based on semantic fit only, not verified search volume, CPC, KD, rankings, or conversions."
CL-038,Application Modernization,6,S-135,legacy software modernization services,Global English,Commercial Investigation,Service procurement,Service-language variation,application modernization services,Commercial service page,/services/application-modernization,Verify route and distinction from cloud migration,Medium,"Check adjacent service pages for overlapping outcomes, technologies, and SERP page types before assigning a canonical target.",High,"Modernization assessments, migration examples, risk controls, and measurable outcomes",Required — validate the first 10 organic results in each priority country,Candidate cluster — metrics and SERP validation required,"Primary selection is based on semantic fit only, not verified search volume, CPC, KD, rankings, or conversions."
CL-038,Application Modernization,6,S-136,cloud application modernization services,Global English,Commercial Investigation,Service procurement,Service-language variation,application modernization services,Commercial service page,/services/application-modernization,Verify route and distinction from cloud migration,Medium,"Check adjacent service pages for overlapping outcomes, technologies, and SERP page types before assigning a canonical target.",High,"Modernization assessments, migration examples, risk controls, and measurable outcomes",Required — validate the first 10 organic results in each priority country,Candidate cluster — metrics and SERP validation required,"Primary selection is based on semantic fit only, not verified search volume, CPC, KD, rankings, or conversions."
CL-038,Application Modernization,6,S-137,enterprise application modernization,Global English,Commercial Investigation,Service procurement,Supporting keyword,application modernization services,Commercial service page,/services/application-modernization,Verify route and distinction from cloud migration,Medium,"Check adjacent service pages for overlapping outcomes, technologies, and SERP page types before assigning a canonical target.",High,"Modernization assessments, migration examples, risk controls, and measurable outcomes",Required — validate the first 10 organic results in each priority country,Candidate cluster — metrics and SERP validation required,"Primary selection is based on semantic fit only, not verified search volume, CPC, KD, rankings, or conversions."
CL-038,Application Modernization,6,S-138,application reengineering services,Global English,Commercial Investigation,Service procurement,Service-language variation,application modernization services,Commercial service page,/services/application-modernization,Verify route and distinction from cloud migration,Medium,"Check adjacent service pages for overlapping outcomes, technologies, and SERP page types before assigning a canonical target.",High,"Modernization assessments, migration examples, risk controls, and measurable outcomes",Required — validate the first 10 organic results in each priority country,Candidate cluster — metrics and SERP validation required,"Primary selection is based on semantic fit only, not verified search volume, CPC, KD, rankings, or conversions."
CL-039,IoT and Wearable Development,4,S-139,IoT development company,Global English,Commercial Investigation,Vendor selection,Primary candidate,IoT development company,Commercial service page,/services/iot-wearable-solutions,Verify route and IoT/wearable proof,Medium,"Check adjacent service pages for overlapping outcomes, technologies, and SERP page types before assigning a canonical target.",Medium,"Hardware and software examples, testing facilities, reliability methods, and client permission",Required — validate the first 10 organic results in each priority country,Candidate cluster — metrics and SERP validation required,"Primary selection is based on semantic fit only, not verified search volume, CPC, KD, rankings, or conversions."
CL-039,IoT and Wearable Development,4,S-140,IoT application development services,Global English,Commercial Investigation,Service procurement,Service-language variation,IoT development company,Commercial service page,/services/iot-wearable-solutions,Verify route and IoT/wearable proof,Medium,"Check adjacent service pages for overlapping outcomes, technologies, and SERP page types before assigning a canonical target.",Medium,"Hardware and software examples, testing facilities, reliability methods, and client permission",Required — validate the first 10 organic results in each priority country,Candidate cluster — metrics and SERP validation required,"Primary selection is based on semantic fit only, not verified search volume, CPC, KD, rankings, or conversions."
CL-039,IoT and Wearable Development,4,S-141,wearable app development company,Global English,Commercial Investigation,Vendor selection,Vendor-language variation,IoT development company,Commercial service page,/services/iot-wearable-solutions,Verify route and IoT/wearable proof,Medium,"Check adjacent service pages for overlapping outcomes, technologies, and SERP page types before assigning a canonical target.",Medium,"Hardware and software examples, testing facilities, reliability methods, and client permission",Required — validate the first 10 organic results in each priority country,Candidate cluster — metrics and SERP validation required,"Primary selection is based on semantic fit only, not verified search volume, CPC, KD, rankings, or conversions."
CL-039,IoT and Wearable Development,4,S-142,industrial IoT development company,Global English,Commercial Investigation,Vendor selection,Vendor-language variation,IoT development company,Commercial service page,/services/iot-wearable-solutions,Verify route and IoT/wearable proof,Medium,"Check adjacent service pages for overlapping outcomes, technologies, and SERP page types before assigning a canonical target.",Medium,"Hardware and software examples, testing facilities, reliability methods, and client permission",Required — validate the first 10 organic results in each priority country,Candidate cluster — metrics and SERP validation required,"Primary selection is based on semantic fit only, not verified search volume, CPC, KD, rankings, or conversions."
CL-040,Embedded Systems Development,4,S-143,embedded software development company,Global English,Commercial Investigation,Vendor selection,Primary candidate,embedded software development company,Commercial service page,/services/embedded-systems,Verify route and firmware/Linux proof,Medium,"Check adjacent service pages for overlapping outcomes, technologies, and SERP page types before assigning a canonical target.",Medium,"Hardware and software examples, testing facilities, reliability methods, and client permission",Required — validate the first 10 organic results in each priority country,Candidate cluster — metrics and SERP validation required,"Primary selection is based on semantic fit only, not verified search volume, CPC, KD, rankings, or conversions."
CL-040,Embedded Systems Development,4,S-144,embedded systems development services,Global English,Commercial Investigation,Service procurement,Service-language variation,embedded software development company,Commercial service page,/services/embedded-systems,Verify route and firmware/Linux proof,Medium,"Check adjacent service pages for overlapping outcomes, technologies, and SERP page types before assigning a canonical target.",Medium,"Hardware and software examples, testing facilities, reliability methods, and client permission",Required — validate the first 10 organic results in each priority country,Candidate cluster — metrics and SERP validation required,"Primary selection is based on semantic fit only, not verified search volume, CPC, KD, rankings, or conversions."
CL-040,Embedded Systems Development,4,S-145,firmware development company,Global English,Commercial Investigation,Vendor selection,Vendor-language variation,embedded software development company,Commercial service page,/services/embedded-systems,Verify route and firmware/Linux proof,Medium,"Check adjacent service pages for overlapping outcomes, technologies, and SERP page types before assigning a canonical target.",Medium,"Hardware and software examples, testing facilities, reliability methods, and client permission",Required — validate the first 10 organic results in each priority country,Candidate cluster — metrics and SERP validation required,"Primary selection is based on semantic fit only, not verified search volume, CPC, KD, rankings, or conversions."
CL-040,Embedded Systems Development,4,S-146,embedded Linux development services,Global English,Commercial Investigation,Service procurement,Service-language variation,embedded software development company,Commercial service page,/services/embedded-systems,Verify route and firmware/Linux proof,Medium,"Check adjacent service pages for overlapping outcomes, technologies, and SERP page types before assigning a canonical target.",Medium,"Hardware and software examples, testing facilities, reliability methods, and client permission",Required — validate the first 10 organic results in each priority country,Candidate cluster — metrics and SERP validation required,"Primary selection is based on semantic fit only, not verified search volume, CPC, KD, rankings, or conversions."
CL-041,Semiconductor Testing,3,S-147,semiconductor testing services,Global English,Commercial Investigation,Service procurement,Primary candidate,semiconductor testing services,Commercial service page,/services/semiconductor-testing,Verify route and specialist engineering proof,Medium,"Check adjacent service pages for overlapping outcomes, technologies, and SERP page types before assigning a canonical target.",Medium,"Hardware and software examples, testing facilities, reliability methods, and client permission",Required — validate the first 10 organic results in each priority country,Candidate cluster — metrics and SERP validation required,"Primary selection is based on semantic fit only, not verified search volume, CPC, KD, rankings, or conversions."
CL-041,Semiconductor Testing,3,S-148,semiconductor test engineering services,Global English,Commercial Investigation,Service procurement,Service-language variation,semiconductor testing services,Commercial service page,/services/semiconductor-testing,Verify route and specialist engineering proof,Medium,"Check adjacent service pages for overlapping outcomes, technologies, and SERP page types before assigning a canonical target.",Medium,"Hardware and software examples, testing facilities, reliability methods, and client permission",Required — validate the first 10 organic results in each priority country,Candidate cluster — metrics and SERP validation required,"Primary selection is based on semantic fit only, not verified search volume, CPC, KD, rankings, or conversions."
CL-041,Semiconductor Testing,3,S-149,chip validation services,Global English,Commercial Investigation,Service procurement,Service-language variation,semiconductor testing services,Commercial service page,/services/semiconductor-testing,Verify route and specialist engineering proof,Medium,"Check adjacent service pages for overlapping outcomes, technologies, and SERP page types before assigning a canonical target.",Medium,"Hardware and software examples, testing facilities, reliability methods, and client permission",Required — validate the first 10 organic results in each priority country,Candidate cluster — metrics and SERP validation required,"Primary selection is based on semantic fit only, not verified search volume, CPC, KD, rankings, or conversions."
CL-042,Physical AI Development,1,S-150,physical AI development,Global English,Mixed / Ambiguous,Emerging topic or commercial capability search,Primary candidate,physical AI development,Commercial service page,/services/physical-ai,Hold until emerging-topic intent and capabilities are validated,Medium,"Check adjacent service pages for overlapping outcomes, technologies, and SERP page types before assigning a canonical target.",Medium,"Hardware and software examples, testing facilities, reliability methods, and client permission",Required — validate the first 10 organic results in each priority country,Hold — ambiguous intent,"Primary selection is based on semantic fit only, not verified search volume, CPC, KD, rankings, or conversions."
CL-043,Marketing Automation,3,S-151,marketing automation services,Global English,Commercial Investigation,Service procurement,Primary candidate,marketing automation services,Commercial service page,/services/marketing-automation,Verify route and HubSpot proof,Low,Maintain one canonical page for this cluster and merge close wording variations into it.,Medium,"Clear service definition, platform examples, audience, and delivery evidence",Required — validate the first 10 organic results in each priority country,Candidate cluster — metrics and SERP validation required,"Primary selection is based on semantic fit only, not verified search volume, CPC, KD, rankings, or conversions."
CL-043,Marketing Automation,3,S-152,marketing automation consulting company,Global English,Commercial Investigation,Vendor selection,Vendor-language variation,marketing automation services,Commercial service page,/services/marketing-automation,Verify route and HubSpot proof,Low,Maintain one canonical page for this cluster and merge close wording variations into it.,Medium,"Clear service definition, platform examples, audience, and delivery evidence",Required — validate the first 10 organic results in each priority country,Candidate cluster — metrics and SERP validation required,"Primary selection is based on semantic fit only, not verified search volume, CPC, KD, rankings, or conversions."
CL-043,Marketing Automation,3,S-153,HubSpot automation services,Global English,Commercial Investigation,Service procurement,Service-language variation,marketing automation services,Commercial service page,/services/marketing-automation,Verify route and HubSpot proof,Low,Maintain one canonical page for this cluster and merge close wording variations into it.,Medium,"Clear service definition, platform examples, audience, and delivery evidence",Required — validate the first 10 organic results in each priority country,Candidate cluster — metrics and SERP validation required,"Primary selection is based on semantic fit only, not verified search volume, CPC, KD, rankings, or conversions."
CL-044,Plugin Development,2,S-154,plugin development services,Global English,Commercial Investigation,Service procurement,Primary candidate,plugin development services,Commercial service page,/services/plugin-development,Verify route and WordPress specialization,Low,Maintain one canonical page for this cluster and merge close wording variations into it.,Medium,"Clear service definition, platform examples, audience, and delivery evidence",Required — validate the first 10 organic results in each priority country,Candidate cluster — metrics and SERP validation required,"Primary selection is based on semantic fit only, not verified search volume, CPC, KD, rankings, or conversions."
CL-044,Plugin Development,2,S-155,custom WordPress plugin development,Global English,Commercial Investigation,Service procurement,Supporting keyword,plugin development services,Commercial service page,/services/plugin-development,Verify route and WordPress specialization,Low,Maintain one canonical page for this cluster and merge close wording variations into it.,Medium,"Clear service definition, platform examples, audience, and delivery evidence",Required — validate the first 10 organic results in each priority country,Candidate cluster — metrics and SERP validation required,"Primary selection is based on semantic fit only, not verified search volume, CPC, KD, rankings, or conversions."
CL-045,Product Management Consulting,2,S-156,product management consulting,Global English,Commercial Investigation,Consulting partner selection,Primary candidate,product management consulting,Commercial service page,/services/product-management,Verify route and consulting proof,Low,Maintain one canonical page for this cluster and merge close wording variations into it.,Medium,"Clear service definition, platform examples, audience, and delivery evidence",Required — validate the first 10 organic results in each priority country,Candidate cluster — metrics and SERP validation required,"Primary selection is based on semantic fit only, not verified search volume, CPC, KD, rankings, or conversions."
CL-045,Product Management Consulting,2,S-157,software product management services,Global English,Commercial Investigation,Service procurement,Service-language variation,product management consulting,Commercial service page,/services/product-management,Verify route and consulting proof,Low,Maintain one canonical page for this cluster and merge close wording variations into it.,Medium,"Clear service definition, platform examples, audience, and delivery evidence",Required — validate the first 10 organic results in each priority country,Candidate cluster — metrics and SERP validation required,"Primary selection is based on semantic fit only, not verified search volume, CPC, KD, rankings, or conversions."
CL-046,Software Engineering Training,1,S-158,software engineering training,Global English,Mixed / Ambiguous,Training service or educational-course search,Primary candidate,software engineering training,Training/service page,/services/skill-development,"Hold until course, training, and commercial-service intent is resolved",Low,Maintain one canonical page for this cluster and merge close wording variations into it.,Low,"Clear service definition, platform examples, audience, and delivery evidence",Required — validate the first 10 organic results in each priority country,Hold — ambiguous intent,"Primary selection is based on semantic fit only, not verified search volume, CPC, KD, rankings, or conversions."
CL-047,Healthcare Software Development,1,S-159,healthcare software development company,Global English,Commercial Investigation,Industry-specialist vendor selection,Primary candidate,healthcare software development company,Industry landing page,/industries/healthcare,Proposed page; do not create until authentic industry proof is approved,Medium,Keep the industry page focused on domain-specific problems and proof; link to rather than duplicate general service content.,High,At least one approved industry-relevant case study and domain expertise,Required — validate the first 10 organic results in each priority country,Hold — business proof and SERP validation required,"Primary selection is based on semantic fit only, not verified search volume, CPC, KD, rankings, or conversions."
CL-048,FinTech Software Development,1,S-160,FinTech software development company,Global English,Commercial Investigation,Industry-specialist vendor selection,Primary candidate,FinTech software development company,Industry landing page,/industries/fintech,Proposed page; do not create until authentic industry proof is approved,Medium,Keep the industry page focused on domain-specific problems and proof; link to rather than duplicate general service content.,High,At least one approved industry-relevant case study and domain expertise,Required — validate the first 10 organic results in each priority country,Hold — business proof and SERP validation required,"Primary selection is based on semantic fit only, not verified search volume, CPC, KD, rankings, or conversions."
CL-049,eCommerce Software Development,1,S-161,eCommerce software development company,Global English,Commercial Investigation,Industry-specialist vendor selection,Primary candidate,eCommerce software development company,Industry landing page,/industries/ecommerce,Proposed page; do not create until authentic industry proof is approved,Medium,Keep the industry page focused on domain-specific problems and proof; link to rather than duplicate general service content.,Medium,At least one approved industry-relevant case study and domain expertise,Required — validate the first 10 organic results in each priority country,Hold — business proof and SERP validation required,"Primary selection is based on semantic fit only, not verified search volume, CPC, KD, rankings, or conversions."
CL-050,Logistics Software Development,1,S-162,logistics software development company,Global English,Commercial Investigation,Industry-specialist vendor selection,Primary candidate,logistics software development company,Industry landing page,/industries/logistics,Proposed page; do not create until authentic industry proof is approved,Medium,Keep the industry page focused on domain-specific problems and proof; link to rather than duplicate general service content.,Medium,At least one approved industry-relevant case study and domain expertise,Required — validate the first 10 organic results in each priority country,Hold — business proof and SERP validation required,"Primary selection is based on semantic fit only, not verified search volume, CPC, KD, rankings, or conversions."
CL-051,SaaS Software Development,1,S-163,SaaS software development company,Global English,Commercial Investigation,Industry-specialist vendor selection,Primary candidate,SaaS software development company,Industry landing page,/industries/saas,Proposed page; do not create until authentic industry proof is approved,Medium,Keep the industry page focused on domain-specific problems and proof; link to rather than duplicate general service content.,Medium,At least one approved industry-relevant case study and domain expertise,Required — validate the first 10 organic results in each priority country,Hold — business proof and SERP validation required,"Primary selection is based on semantic fit only, not verified search volume, CPC, KD, rankings, or conversions."
CL-052,Manufacturing Software Development,1,S-164,manufacturing software development company,Global English,Commercial Investigation,Industry-specialist vendor selection,Primary candidate,manufacturing software development company,Industry landing page,/industries/manufacturing,Proposed page; do not create until authentic industry proof is approved,Medium,Keep the industry page focused on domain-specific problems and proof; link to rather than duplicate general service content.,Medium,At least one approved industry-relevant case study and domain expertise,Required — validate the first 10 organic results in each priority country,Hold — business proof and SERP validation required,"Primary selection is based on semantic fit only, not verified search volume, CPC, KD, rankings, or conversions."
CL-053,EdTech Software Development,1,S-165,EdTech software development company,Global English,Commercial Investigation,Industry-specialist vendor selection,Primary candidate,EdTech software development company,Industry landing page,/industries/edtech,Proposed page; do not create until authentic industry proof is approved,Medium,Keep the industry page focused on domain-specific problems and proof; link to rather than duplicate general service content.,Medium,At least one approved industry-relevant case study and domain expertise,Required — validate the first 10 organic results in each priority country,Hold — business proof and SERP validation required,"Primary selection is based on semantic fit only, not verified search volume, CPC, KD, rankings, or conversions."
CL-054,Real Estate Software Development,1,S-166,real estate software development company,Global English,Commercial Investigation,Industry-specialist vendor selection,Primary candidate,real estate software development company,Industry landing page,/industries/real-estate,Proposed page; do not create until authentic industry proof is approved,Medium,Keep the industry page focused on domain-specific problems and proof; link to rather than duplicate general service content.,Medium,At least one approved industry-relevant case study and domain expertise,Required — validate the first 10 organic results in each priority country,Hold — business proof and SERP validation required,"Primary selection is based on semantic fit only, not verified search volume, CPC, KD, rankings, or conversions."
CL-055,Automotive Software Development,1,S-167,automotive software development company,Global English,Commercial Investigation,Industry-specialist vendor selection,Primary candidate,automotive software development company,Industry landing page,/industries/automotive,Proposed page; do not create until authentic industry proof is approved,Medium,Keep the industry page focused on domain-specific problems and proof; link to rather than duplicate general service content.,Medium,At least one approved industry-relevant case study and domain expertise,Required — validate the first 10 organic results in each priority country,Hold — business proof and SERP validation required,"Primary selection is based on semantic fit only, not verified search volume, CPC, KD, rankings, or conversions."
CL-056,Software Development for Startups,1,S-168,enterprise software development for startups,Global English,Commercial Investigation,Industry-specialist vendor selection,Primary candidate,enterprise software development for startups,Industry landing page,/industries/startups,Proposed page; do not create until authentic industry proof is approved,Medium,Keep the industry page focused on domain-specific problems and proof; link to rather than duplicate general service content.,Medium,At least one approved industry-relevant case study and domain expertise,Required — validate the first 10 organic results in each priority country,Hold — business proof and SERP validation required,"Primary selection is based on semantic fit only, not verified search volume, CPC, KD, rankings, or conversions."
CL-057,Choosing a Custom Software Company,1,S-169,how to choose a custom software development company,Global English,Commercial Investigation,Vendor or talent selection guide,Primary candidate,how to choose a custom software development company,Buyer guide,/insights/how-to-choose-a-custom-software-development-company,Proposed supporting article; complete SERP validation and content brief first,Low,Keep the article informational or evaluative and link to the relevant service page without copying commercial-page content.,Medium,"Expert review, real process, pricing inputs, and commercial-page internal links",Required — validate the first 10 organic results in each priority country,Candidate cluster — metrics and SERP validation required,"Primary selection is based on semantic fit only, not verified search volume, CPC, KD, rankings, or conversions."
CL-058,Custom Software Development Cost,1,S-170,custom software development cost,Global English,Commercial Investigation,Cost and pricing research,Primary candidate,custom software development cost,Cost guide,/insights/custom-software-development-cost,Proposed supporting article; complete SERP validation and content brief first,Low,Keep the article informational or evaluative and link to the relevant service page without copying commercial-page content.,Medium,"Expert review, real process, pricing inputs, and commercial-page internal links",Required — validate the first 10 organic results in each priority country,Candidate cluster — metrics and SERP validation required,"Primary selection is based on semantic fit only, not verified search volume, CPC, KD, rankings, or conversions."
CL-059,Custom Software Development Process,1,S-171,custom software development process,Global English,Informational,Process education,Primary candidate,custom software development process,Educational article / buyer guide,/insights/custom-software-development-process,Proposed supporting article; complete SERP validation and content brief first,Low,Keep the article informational or evaluative and link to the relevant service page without copying commercial-page content.,Medium,"Expert review, real process, pricing inputs, and commercial-page internal links",Required — validate the first 10 organic results in each priority country,Candidate cluster — metrics and SERP validation required,"Primary selection is based on semantic fit only, not verified search volume, CPC, KD, rankings, or conversions."
CL-060,Custom Software Development Timeline,1,S-172,how long does custom software development take,Global English,Informational,Timeline education,Primary candidate,how long does custom software development take,Educational article / buyer guide,/insights/custom-software-development-timeline,Proposed supporting article; complete SERP validation and content brief first,Low,Keep the article informational or evaluative and link to the relevant service page without copying commercial-page content.,Medium,"Expert review, real process, pricing inputs, and commercial-page internal links",Required — validate the first 10 organic results in each priority country,Candidate cluster — metrics and SERP validation required,"Primary selection is based on semantic fit only, not verified search volume, CPC, KD, rankings, or conversions."
CL-061,Dedicated Team vs Staff Augmentation,1,S-173,dedicated development team vs staff augmentation,Global English,Commercial Investigation,Engagement-model comparison,Primary candidate,dedicated development team vs staff augmentation,Comparison guide,/insights/dedicated-team-vs-staff-augmentation,Proposed supporting article; complete SERP validation and content brief first,Low,Keep the article informational or evaluative and link to the relevant service page without copying commercial-page content.,Medium,"Expert review, real process, pricing inputs, and commercial-page internal links",Required — validate the first 10 organic results in each priority country,Candidate cluster — metrics and SERP validation required,"Primary selection is based on semantic fit only, not verified search volume, CPC, KD, rankings, or conversions."
CL-062,Offshore Software Development Cost,1,S-174,offshore software development cost,Global English,Commercial Investigation,Cost and pricing research,Primary candidate,offshore software development cost,Cost guide,/insights/offshore-software-development-cost,Proposed supporting article; complete SERP validation and content brief first,Low,Keep the article informational or evaluative and link to the relevant service page without copying commercial-page content.,Medium,"Expert review, real process, pricing inputs, and commercial-page internal links",Required — validate the first 10 organic results in each priority country,Candidate cluster — metrics and SERP validation required,"Primary selection is based on semantic fit only, not verified search volume, CPC, KD, rankings, or conversions."
CL-063,Hiring Dedicated Developers,1,S-175,how to hire dedicated developers,Global English,Commercial Investigation,Vendor or talent selection guide,Primary candidate,how to hire dedicated developers,Buyer guide,/insights/how-to-hire-dedicated-developers,Proposed supporting article; complete SERP validation and content brief first,Low,Keep the article informational or evaluative and link to the relevant service page without copying commercial-page content.,Medium,"Expert review, real process, pricing inputs, and commercial-page internal links",Required — validate the first 10 organic results in each priority country,Candidate cluster — metrics and SERP validation required,"Primary selection is based on semantic fit only, not verified search volume, CPC, KD, rankings, or conversions."
CL-064,Cloud Migration Checklist,1,S-176,cloud migration checklist,Global English,Informational,Implementation checklist,Primary candidate,cloud migration checklist,Educational article / buyer guide,/insights/cloud-migration-checklist,Proposed supporting article; complete SERP validation and content brief first,Low,Keep the article informational or evaluative and link to the relevant service page without copying commercial-page content.,Medium,"Expert review, real process, pricing inputs, and commercial-page internal links",Required — validate the first 10 organic results in each priority country,Candidate cluster — metrics and SERP validation required,"Primary selection is based on semantic fit only, not verified search volume, CPC, KD, rankings, or conversions."
CL-065,Application Modernization Strategy,1,S-177,application modernization strategy,Global English,Informational,Strategy and planning education,Primary candidate,application modernization strategy,Educational article / buyer guide,/insights/application-modernization-strategy,Proposed supporting article; complete SERP validation and content brief first,Low,Keep the article informational or evaluative and link to the relevant service page without copying commercial-page content.,Medium,"Expert review, real process, pricing inputs, and commercial-page internal links",Required — validate the first 10 organic results in each priority country,Candidate cluster — metrics and SERP validation required,"Primary selection is based on semantic fit only, not verified search volume, CPC, KD, rankings, or conversions."
CL-066,QA Automation Strategy,1,S-178,QA automation strategy,Global English,Informational,Strategy and planning education,Primary candidate,QA automation strategy,Educational article / buyer guide,/insights/qa-automation-strategy,Proposed supporting article; complete SERP validation and content brief first,Low,Keep the article informational or evaluative and link to the relevant service page without copying commercial-page content.,Medium,"Expert review, real process, pricing inputs, and commercial-page internal links",Required — validate the first 10 organic results in each priority country,Candidate cluster — metrics and SERP validation required,"Primary selection is based on semantic fit only, not verified search volume, CPC, KD, rankings, or conversions."
CL-067,Building an MVP,1,S-179,how to build an MVP,Global English,Informational,How-to education,Primary candidate,how to build an MVP,Educational article / buyer guide,/insights/how-to-build-an-mvp,Proposed supporting article; complete SERP validation and content brief first,Low,Keep the article informational or evaluative and link to the relevant service page without copying commercial-page content.,Medium,"Expert review, real process, pricing inputs, and commercial-page internal links",Required — validate the first 10 organic results in each priority country,Candidate cluster — metrics and SERP validation required,"Primary selection is based on semantic fit only, not verified search volume, CPC, KD, rankings, or conversions."
CL-068,AI Implementation for Business,1,S-180,AI implementation guide for business,Global English,Informational,Strategy and planning education,Primary candidate,AI implementation guide for business,Educational article / buyer guide,/insights/ai-implementation-guide-for-business,Proposed supporting article; complete SERP validation and content brief first,Low,Keep the article informational or evaluative and link to the relevant service page without copying commercial-page content.,Medium,"Expert review, real process, pricing inputs, and commercial-page internal links",Required — validate the first 10 organic results in each priority country,Candidate cluster — metrics and SERP validation required,"Primary selection is based on semantic fit only, not verified search volume, CPC, KD, rankings, or conversions."
CL-002,Custom Software Development,26,S-181,custom software development company USA,United States,Commercial Investigation,Regional vendor selection,Regional modifier,custom software development company,Commercial service page,/solutions/custom-software-solutions,Approved existing route; consolidate variants here,High,"Compare overlapping hub, custom-software, hiring, staffing, augmentation, and dedicated-team pages before implementation.",High,"Real clients, contracts, time-zone support, local terminology, and approved market evidence",Required — validate the first 10 organic results in each priority country,Candidate cluster — metrics and SERP validation required,Regional term belongs to the core Custom Software cluster unless evidence supports a genuinely differentiated regional page.
CL-002,Custom Software Development,26,S-182,custom software development company in USA,United States,Commercial Investigation,Regional vendor selection,Regional modifier,custom software development company,Commercial service page,/solutions/custom-software-solutions,Approved existing route; consolidate variants here,High,"Compare overlapping hub, custom-software, hiring, staffing, augmentation, and dedicated-team pages before implementation.",High,"Real clients, contracts, time-zone support, local terminology, and approved market evidence",Required — validate the first 10 organic results in each priority country,Candidate cluster — metrics and SERP validation required,Regional term belongs to the core Custom Software cluster unless evidence supports a genuinely differentiated regional page.
CL-002,Custom Software Development,26,S-183,software development company USA,United States,Commercial Investigation,Regional vendor selection,Regional modifier,custom software development company,Commercial service page,/solutions/custom-software-solutions,Approved existing route; consolidate variants here,High,"Compare overlapping hub, custom-software, hiring, staffing, augmentation, and dedicated-team pages before implementation.",High,"Real clients, contracts, time-zone support, local terminology, and approved market evidence",Required — validate the first 10 organic results in each priority country,Candidate cluster — metrics and SERP validation required,Regional term belongs to the core Custom Software cluster unless evidence supports a genuinely differentiated regional page.
CL-008,Hire Developers,7,S-184,hire dedicated developers USA,United States,Commercial Investigation,Regional vendor selection,Regional modifier,hire developers,Hiring landing page,/hire-developers,Hub page; regional modifiers must not create unsupported location pages,High,"Compare overlapping hub, custom-software, hiring, staffing, augmentation, and dedicated-team pages before implementation.",High,"Real clients, contracts, time-zone support, local terminology, and approved market evidence",Required — validate the first 10 organic results in each priority country,Candidate cluster — metrics and SERP validation required,"Primary selection is based on semantic fit only, not verified search volume, CPC, KD, rankings, or conversions."
CL-020,IT Staff Augmentation,5,S-185,IT staff augmentation company USA,United States,Commercial Investigation,Regional vendor selection,Regional modifier,IT staff augmentation services,Commercial service page,/services/staff-augmentation,Verify route and keep distinct from hiring and dedicated-team pages,High,"Compare overlapping hub, custom-software, hiring, staffing, augmentation, and dedicated-team pages before implementation.",High,"Real clients, contracts, time-zone support, local terminology, and approved market evidence",Required — validate the first 10 organic results in each priority country,Candidate cluster — metrics and SERP validation required,"Primary selection is based on semantic fit only, not verified search volume, CPC, KD, rankings, or conversions."
CL-002,Custom Software Development,26,S-186,custom software development company Canada,Canada,Commercial Investigation,Regional vendor selection,Regional modifier,custom software development company,Commercial service page,/solutions/custom-software-solutions,Approved existing route; consolidate variants here,High,"Compare overlapping hub, custom-software, hiring, staffing, augmentation, and dedicated-team pages before implementation.",High,"Real clients, contracts, time-zone support, local terminology, and approved market evidence",Required — validate the first 10 organic results in each priority country,Candidate cluster — metrics and SERP validation required,Regional term belongs to the core Custom Software cluster unless evidence supports a genuinely differentiated regional page.
CL-002,Custom Software Development,26,S-187,software development company Canada,Canada,Commercial Investigation,Regional vendor selection,Regional modifier,custom software development company,Commercial service page,/solutions/custom-software-solutions,Approved existing route; consolidate variants here,High,"Compare overlapping hub, custom-software, hiring, staffing, augmentation, and dedicated-team pages before implementation.",High,"Real clients, contracts, time-zone support, local terminology, and approved market evidence",Required — validate the first 10 organic results in each priority country,Candidate cluster — metrics and SERP validation required,Regional term belongs to the core Custom Software cluster unless evidence supports a genuinely differentiated regional page.
CL-008,Hire Developers,7,S-188,hire dedicated developers Canada,Canada,Commercial Investigation,Regional vendor selection,Regional modifier,hire developers,Hiring landing page,/hire-developers,Hub page; regional modifiers must not create unsupported location pages,High,"Compare overlapping hub, custom-software, hiring, staffing, augmentation, and dedicated-team pages before implementation.",High,"Real clients, contracts, time-zone support, local terminology, and approved market evidence",Required — validate the first 10 organic results in each priority country,Candidate cluster — metrics and SERP validation required,"Primary selection is based on semantic fit only, not verified search volume, CPC, KD, rankings, or conversions."
CL-002,Custom Software Development,26,S-189,custom software development company UK,United Kingdom,Commercial Investigation,Regional vendor selection,Regional modifier,custom software development company,Commercial service page,/solutions/custom-software-solutions,Approved existing route; consolidate variants here,High,"Compare overlapping hub, custom-software, hiring, staffing, augmentation, and dedicated-team pages before implementation.",High,"Real clients, contracts, time-zone support, local terminology, and approved market evidence",Required — validate the first 10 organic results in each priority country,Candidate cluster — metrics and SERP validation required,Regional term belongs to the core Custom Software cluster unless evidence supports a genuinely differentiated regional page.
CL-002,Custom Software Development,26,S-190,bespoke software development company,United Kingdom,Commercial Investigation,Regional vendor selection,Regional modifier,custom software development company,Commercial service page,/solutions/custom-software-solutions,Approved existing route; consolidate variants here,High,"Compare overlapping hub, custom-software, hiring, staffing, augmentation, and dedicated-team pages before implementation.",High,"Real clients, contracts, time-zone support, local terminology, and approved market evidence",Required — validate the first 10 organic results in each priority country,Candidate cluster — metrics and SERP validation required,Regional term belongs to the core Custom Software cluster unless evidence supports a genuinely differentiated regional page.
CL-002,Custom Software Development,26,S-191,software development company UK,United Kingdom,Commercial Investigation,Regional vendor selection,Regional modifier,custom software development company,Commercial service page,/solutions/custom-software-solutions,Approved existing route; consolidate variants here,High,"Compare overlapping hub, custom-software, hiring, staffing, augmentation, and dedicated-team pages before implementation.",High,"Real clients, contracts, time-zone support, local terminology, and approved market evidence",Required — validate the first 10 organic results in each priority country,Candidate cluster — metrics and SERP validation required,Regional term belongs to the core Custom Software cluster unless evidence supports a genuinely differentiated regional page.
CL-008,Hire Developers,7,S-192,hire dedicated developers UK,United Kingdom,Commercial Investigation,Regional vendor selection,Regional modifier,hire developers,Hiring landing page,/hire-developers,Hub page; regional modifiers must not create unsupported location pages,High,"Compare overlapping hub, custom-software, hiring, staffing, augmentation, and dedicated-team pages before implementation.",High,"Real clients, contracts, time-zone support, local terminology, and approved market evidence",Required — validate the first 10 organic results in each priority country,Candidate cluster — metrics and SERP validation required,"Primary selection is based on semantic fit only, not verified search volume, CPC, KD, rankings, or conversions."
CL-002,Custom Software Development,26,S-193,software development company Germany,Germany,Commercial Investigation,Regional vendor selection,Regional modifier,custom software development company,Commercial service page,/solutions/custom-software-solutions,Approved existing route; consolidate variants here,High,"Compare overlapping hub, custom-software, hiring, staffing, augmentation, and dedicated-team pages before implementation.",High,"Real clients, contracts, time-zone support, local terminology, and approved market evidence",Required — validate the first 10 organic results in each priority country,Candidate cluster — metrics and SERP validation required,Regional term belongs to the core Custom Software cluster unless evidence supports a genuinely differentiated regional page.
CL-002,Custom Software Development,26,S-194,custom software development company Germany,Germany,Commercial Investigation,Regional vendor selection,Regional modifier,custom software development company,Commercial service page,/solutions/custom-software-solutions,Approved existing route; consolidate variants here,High,"Compare overlapping hub, custom-software, hiring, staffing, augmentation, and dedicated-team pages before implementation.",High,"Real clients, contracts, time-zone support, local terminology, and approved market evidence",Required — validate the first 10 organic results in each priority country,Candidate cluster — metrics and SERP validation required,Regional term belongs to the core Custom Software cluster unless evidence supports a genuinely differentiated regional page.
CL-002,Custom Software Development,26,S-195,software development company Netherlands,Netherlands,Commercial Investigation,Regional vendor selection,Regional modifier,custom software development company,Commercial service page,/solutions/custom-software-solutions,Approved existing route; consolidate variants here,High,"Compare overlapping hub, custom-software, hiring, staffing, augmentation, and dedicated-team pages before implementation.",High,"Real clients, contracts, time-zone support, local terminology, and approved market evidence",Required — validate the first 10 organic results in each priority country,Candidate cluster — metrics and SERP validation required,Regional term belongs to the core Custom Software cluster unless evidence supports a genuinely differentiated regional page.
CL-002,Custom Software Development,26,S-196,custom software development company Denmark,Denmark,Commercial Investigation,Regional vendor selection,Regional modifier,custom software development company,Commercial service page,/solutions/custom-software-solutions,Approved existing route; consolidate variants here,High,"Compare overlapping hub, custom-software, hiring, staffing, augmentation, and dedicated-team pages before implementation.",High,"Real clients, contracts, time-zone support, local terminology, and approved market evidence",Required — validate the first 10 organic results in each priority country,Candidate cluster — metrics and SERP validation required,Regional term belongs to the core Custom Software cluster unless evidence supports a genuinely differentiated regional page.
CL-002,Custom Software Development,26,S-197,software development company Sweden,Sweden,Commercial Investigation,Regional vendor selection,Regional modifier,custom software development company,Commercial service page,/solutions/custom-software-solutions,Approved existing route; consolidate variants here,High,"Compare overlapping hub, custom-software, hiring, staffing, augmentation, and dedicated-team pages before implementation.",High,"Real clients, contracts, time-zone support, local terminology, and approved market evidence",Required — validate the first 10 organic results in each priority country,Candidate cluster — metrics and SERP validation required,Regional term belongs to the core Custom Software cluster unless evidence supports a genuinely differentiated regional page.
CL-002,Custom Software Development,26,S-198,offshore software development company Europe,Selected European countries,Commercial Investigation,Regional vendor selection,Regional modifier,custom software development company,Commercial service page,/solutions/custom-software-solutions,Approved existing route; consolidate variants here,High,"Compare overlapping hub, custom-software, hiring, staffing, augmentation, and dedicated-team pages before implementation.",High,"Real clients, contracts, time-zone support, local terminology, and approved market evidence",Required — validate the first 10 organic results in each priority country,Candidate cluster — metrics and SERP validation required,Regional term belongs to the core Custom Software cluster unless evidence supports a genuinely differentiated regional page.
