Seed ID,Keyword,Market,Service Cluster,Original Intent,Classified Intent,Intent Subtype,Funnel Stage,Searcher Goal,Recommended Page Type,Suggested Target URL,Mapping Action,Recommended CTA,Intent Confidence,SERP Validation Priority,Implementation Gate,Classification Basis,Business Value,Proof Needed,Notes
S-001,software development company,Global English,Core Software Positioning,Commercial,Commercial Investigation,Vendor selection,Decision,Compare and shortlist companies that provide core software positioning.,Commercial service page,/,Evaluate whether the homepage can satisfy this broad intent or whether a dedicated service hub is required.,Book a discovery call,Medium,High — broad homepage intent requires SERP review,Cluster review + site-inventory check required,"Semantic classification from keyword wording, service cluster, buyer stage, and planned URL. Live Google/Semrush SERPs have not yet been verified for every keyword.",High,"Company capabilities, clients, case studies, and delivery model",Do not create a separate page for a close keyword variation unless the live SERP shows materially different intent.
S-002,software engineering company,Global English,Core Software Positioning,Commercial,Commercial Investigation,Vendor selection,Decision,Compare and shortlist companies that provide core software positioning.,Commercial service page,/,Evaluate whether the homepage can satisfy this broad intent or whether a dedicated service hub is required.,Book a discovery call,Medium,High — broad homepage intent requires SERP review,Cluster review + site-inventory check required,"Semantic classification from keyword wording, service cluster, buyer stage, and planned URL. Live Google/Semrush SERPs have not yet been verified for every keyword.",High,"Company capabilities, clients, case studies, and delivery model",Do not create a separate page for a close keyword variation unless the live SERP shows materially different intent.
S-003,software development services,Global English,Core Software Positioning,Commercial,Commercial Investigation,Service procurement,Decision,Evaluate a provider for core software positioning.,Commercial service page,/,Evaluate whether the homepage can satisfy this broad intent or whether a dedicated service hub is required.,Book a discovery call,Medium,High — broad homepage intent requires SERP review,Cluster review + site-inventory check required,"Semantic classification from keyword wording, service cluster, buyer stage, and planned URL. Live Google/Semrush SERPs have not yet been verified for every keyword.",High,"Company capabilities, clients, case studies, and delivery model",Do not create a separate page for a close keyword variation unless the live SERP shows materially different intent.
S-004,product engineering company,Global English,Core Software Positioning,Commercial,Commercial Investigation,Vendor selection,Decision,Compare and shortlist companies that provide core software positioning.,Commercial service page,/,Evaluate whether the homepage can satisfy this broad intent or whether a dedicated service hub is required.,Book a discovery call,Medium,High — broad homepage intent requires SERP review,Cluster review + site-inventory check required,"Semantic classification from keyword wording, service cluster, buyer stage, and planned URL. Live Google/Semrush SERPs have not yet been verified for every keyword.",High,"Company capabilities, clients, case studies, and delivery model",Do not create a separate page for a close keyword variation unless the live SERP shows materially different intent.
S-005,digital product engineering services,Global English,Core Software Positioning,Commercial,Commercial Investigation,Service procurement,Decision,Evaluate a provider for core software positioning.,Commercial service page,/,Evaluate whether the homepage can satisfy this broad intent or whether a dedicated service hub is required.,Book a discovery call,Medium,High — broad homepage intent requires SERP review,Cluster review + site-inventory check required,"Semantic classification from keyword wording, service cluster, buyer stage, and planned URL. Live Google/Semrush SERPs have not yet been verified for every keyword.",High,"Company capabilities, clients, case studies, and delivery model",Do not create a separate page for a close keyword variation unless the live SERP shows materially different intent.
S-006,enterprise software development company,Global English,Core Software Positioning,Commercial,Commercial Investigation,Vendor selection,Decision,Compare and shortlist companies that provide core software positioning.,Commercial service page,/,Evaluate whether the homepage can satisfy this broad intent or whether a dedicated service hub is required.,Book a discovery call,Medium,High — broad homepage intent requires SERP review,Cluster review + site-inventory check required,"Semantic classification from keyword wording, service cluster, buyer stage, and planned URL. Live Google/Semrush SERPs have not yet been verified for every keyword.",High,"Company capabilities, clients, case studies, and delivery model",Do not create a separate page for a close keyword variation unless the live SERP shows materially different intent.
S-007,software outsourcing company,Global English,Core Software Positioning,Commercial,Commercial Investigation,Vendor selection,Decision,Compare and shortlist companies that provide core software positioning.,Commercial service page,/,Evaluate whether the homepage can satisfy this broad intent or whether a dedicated service hub is required.,Book a discovery call,Medium,High — broad homepage intent requires SERP review,Cluster review + site-inventory check required,"Semantic classification from keyword wording, service cluster, buyer stage, and planned URL. Live Google/Semrush SERPs have not yet been verified for every keyword.",High,"Company capabilities, clients, case studies, and delivery model",Do not create a separate page for a close keyword variation unless the live SERP shows materially different intent.
S-008,software consulting company,Global English,Core Software Positioning,Commercial,Commercial Investigation,Vendor selection,Decision,Compare and shortlist companies that provide core software positioning.,Commercial service page,/,Evaluate whether the homepage can satisfy this broad intent or whether a dedicated service hub is required.,Book a discovery call,Medium,High — broad homepage intent requires SERP review,Cluster review + site-inventory check required,"Semantic classification from keyword wording, service cluster, buyer stage, and planned URL. Live Google/Semrush SERPs have not yet been verified for every keyword.",High,"Company capabilities, clients, case studies, and delivery model",Do not create a separate page for a close keyword variation unless the live SERP shows materially different intent.
S-009,custom software development company,United States,Custom Software Development,Commercial,Commercial Investigation,Vendor selection,Decision,Compare and shortlist companies that provide custom software development.,Commercial service page,/solutions/custom-software-solutions,Consolidate into the approved Custom Software service-page cluster; do not create a duplicate route.,Book a discovery call,High,Medium — validate before implementation,Ready for cluster review; content implementation still requires validated metrics and SERP evidence,"Semantic classification from keyword wording, service cluster, buyer stage, and planned URL. Live Google/Semrush SERPs have not yet been verified for every keyword.",High,"Approved custom software case studies, process, IP terms, and project outcomes",Do not create a separate page for a close keyword variation unless the live SERP shows materially different intent.
S-010,custom software development services,Global English,Custom Software Development,Commercial,Commercial Investigation,Service procurement,Decision,Evaluate a provider for custom software development.,Commercial service page,/solutions/custom-software-solutions,Consolidate into the approved Custom Software service-page cluster; do not create a duplicate route.,Book a discovery call,High,Medium — validate before implementation,Ready for cluster review; content implementation still requires validated metrics and SERP evidence,"Semantic classification from keyword wording, service cluster, buyer stage, and planned URL. Live Google/Semrush SERPs have not yet been verified for every keyword.",High,"Approved custom software case studies, process, IP terms, and project outcomes",Do not create a separate page for a close keyword variation unless the live SERP shows materially different intent.
S-011,custom software solutions company,Global English,Custom Software Development,Commercial,Commercial Investigation,Vendor selection,Decision,Compare and shortlist companies that provide custom software development.,Commercial service page,/solutions/custom-software-solutions,Consolidate into the approved Custom Software service-page cluster; do not create a duplicate route.,Book a discovery call,High,Medium — validate before implementation,Ready for cluster review; content implementation still requires validated metrics and SERP evidence,"Semantic classification from keyword wording, service cluster, buyer stage, and planned URL. Live Google/Semrush SERPs have not yet been verified for every keyword.",High,"Approved custom software case studies, process, IP terms, and project outcomes",Do not create a separate page for a close keyword variation unless the live SERP shows materially different intent.
S-012,custom application development company,Global English,Custom Software Development,Commercial,Commercial Investigation,Vendor selection,Decision,Compare and shortlist companies that provide custom software development.,Commercial service page,/solutions/custom-software-solutions,Consolidate into the approved Custom Software service-page cluster; do not create a duplicate route.,Book a discovery call,High,Medium — validate before implementation,Ready for cluster review; content implementation still requires validated metrics and SERP evidence,"Semantic classification from keyword wording, service cluster, buyer stage, and planned URL. Live Google/Semrush SERPs have not yet been verified for every keyword.",High,"Approved custom software case studies, process, IP terms, and project outcomes",Do not create a separate page for a close keyword variation unless the live SERP shows materially different intent.
S-013,enterprise custom software development,Global English,Custom Software Development,Commercial,Commercial Investigation,Service procurement,Decision,Evaluate a provider for custom software development.,Commercial service page,/solutions/custom-software-solutions,Consolidate into the approved Custom Software service-page cluster; do not create a duplicate route.,Book a discovery call,High,Medium — validate before implementation,Ready for cluster review; content implementation still requires validated metrics and SERP evidence,"Semantic classification from keyword wording, service cluster, buyer stage, and planned URL. Live Google/Semrush SERPs have not yet been verified for every keyword.",High,"Approved custom software case studies, process, IP terms, and project outcomes",Do not create a separate page for a close keyword variation unless the live SERP shows materially different intent.
S-014,custom software developers,Global English,Custom Software Development,Commercial,Commercial Investigation,Commercial capability research,Decision,Evaluate a provider for custom software development.,Commercial service page,/solutions/custom-software-solutions,Consolidate into the approved Custom Software service-page cluster; do not create a duplicate route.,Book a discovery call,Medium,High — wording may produce mixed SERPs,Ready for cluster review; content implementation still requires validated metrics and SERP evidence,"Semantic classification from keyword wording, service cluster, buyer stage, and planned URL. Live Google/Semrush SERPs have not yet been verified for every keyword.",High,"Approved custom software case studies, process, IP terms, and project outcomes",Do not create a separate page for a close keyword variation unless the live SERP shows materially different intent.
S-015,end-to-end custom software development,Global English,Custom Software Development,Commercial,Commercial Investigation,Service procurement,Decision,Evaluate a provider for custom software development.,Commercial service page,/solutions/custom-software-solutions,Consolidate into the approved Custom Software service-page cluster; do not create a duplicate route.,Book a discovery call,High,Medium — validate before implementation,Ready for cluster review; content implementation still requires validated metrics and SERP evidence,"Semantic classification from keyword wording, service cluster, buyer stage, and planned URL. Live Google/Semrush SERPs have not yet been verified for every keyword.",High,"Approved custom software case studies, process, IP terms, and project outcomes",Do not create a separate page for a close keyword variation unless the live SERP shows materially different intent.
S-016,business software development company,Global English,Custom Software Development,Commercial,Commercial Investigation,Vendor selection,Decision,Compare and shortlist companies that provide custom software development.,Commercial service page,/solutions/custom-software-solutions,Consolidate into the approved Custom Software service-page cluster; do not create a duplicate route.,Book a discovery call,High,Medium — validate before implementation,Ready for cluster review; content implementation still requires validated metrics and SERP evidence,"Semantic classification from keyword wording, service cluster, buyer stage, and planned URL. Live Google/Semrush SERPs have not yet been verified for every keyword.",High,"Approved custom software case studies, process, IP terms, and project outcomes",Do not create a separate page for a close keyword variation unless the live SERP shows materially different intent.
S-017,tailored software development services,Global English,Custom Software Development,Commercial,Commercial Investigation,Service procurement,Decision,Evaluate a provider for custom software development.,Commercial service page,/solutions/custom-software-solutions,Consolidate into the approved Custom Software service-page cluster; do not create a duplicate route.,Book a discovery call,High,Medium — validate before implementation,Ready for cluster review; content implementation still requires validated metrics and SERP evidence,"Semantic classification from keyword wording, service cluster, buyer stage, and planned URL. Live Google/Semrush SERPs have not yet been verified for every keyword.",High,"Approved custom software case studies, process, IP terms, and project outcomes",Do not create a separate page for a close keyword variation unless the live SERP shows materially different intent.
S-018,custom enterprise application development,Global English,Custom Software Development,Commercial,Commercial Investigation,Service procurement,Decision,Evaluate a provider for custom software development.,Commercial service page,/solutions/custom-software-solutions,Consolidate into the approved Custom Software service-page cluster; do not create a duplicate route.,Book a discovery call,High,Medium — validate before implementation,Ready for cluster review; content implementation still requires validated metrics and SERP evidence,"Semantic classification from keyword wording, service cluster, buyer stage, and planned URL. Live Google/Semrush SERPs have not yet been verified for every keyword.",High,"Approved custom software case studies, process, IP terms, and project outcomes",Do not create a separate page for a close keyword variation unless the live SERP shows materially different intent.
S-019,scalable custom software development,Global English,Custom Software Development,Commercial,Commercial Investigation,Service procurement,Decision,Evaluate a provider for custom software development.,Commercial service page,/solutions/custom-software-solutions,Consolidate into the approved Custom Software service-page cluster; do not create a duplicate route.,Book a discovery call,High,Medium — validate before implementation,Ready for cluster review; content implementation still requires validated metrics and SERP evidence,"Semantic classification from keyword wording, service cluster, buyer stage, and planned URL. Live Google/Semrush SERPs have not yet been verified for every keyword.",High,"Approved custom software case studies, process, IP terms, and project outcomes",Do not create a separate page for a close keyword variation unless the live SERP shows materially different intent.
S-020,secure custom software development services,Global English,Custom Software Development,Commercial,Commercial Investigation,Service procurement,Decision,Evaluate a provider for custom software development.,Commercial service page,/solutions/custom-software-solutions,Consolidate into the approved Custom Software service-page cluster; do not create a duplicate route.,Book a discovery call,High,Medium — validate before implementation,Ready for cluster review; content implementation still requires validated metrics and SERP evidence,"Semantic classification from keyword wording, service cluster, buyer stage, and planned URL. Live Google/Semrush SERPs have not yet been verified for every keyword.",High,"Approved custom software case studies, process, IP terms, and project outcomes",Do not create a separate page for a close keyword variation unless the live SERP shows materially different intent.
S-021,MVP development company,Global English,Product And MVP Development,Commercial,Commercial Investigation,Vendor selection,Decision,Compare and shortlist companies that provide product and mvp development.,Commercial service page,/services/mvp-development,"Verify the route in the site inventory, then map this term into one service-page cluster.",Book a discovery call,High,Medium — validate before implementation,Cluster review + site-inventory check required,"Semantic classification from keyword wording, service cluster, buyer stage, and planned URL. Live Google/Semrush SERPs have not yet been verified for every keyword.",High,"Startup product examples, delivery timeline, scope, and launch outcomes",Do not create a separate page for a close keyword variation unless the live SERP shows materially different intent.
S-022,MVP development services,Global English,Product And MVP Development,Commercial,Commercial Investigation,Service procurement,Decision,Evaluate a provider for product and mvp development.,Commercial service page,/services/mvp-development,"Verify the route in the site inventory, then map this term into one service-page cluster.",Book a discovery call,High,Medium — validate before implementation,Cluster review + site-inventory check required,"Semantic classification from keyword wording, service cluster, buyer stage, and planned URL. Live Google/Semrush SERPs have not yet been verified for every keyword.",High,"Startup product examples, delivery timeline, scope, and launch outcomes",Do not create a separate page for a close keyword variation unless the live SERP shows materially different intent.
S-023,startup product development company,Global English,Product And MVP Development,Commercial,Commercial Investigation,Vendor selection,Decision,Compare and shortlist companies that provide product and mvp development.,Commercial service page,/services/mvp-development,"Verify the route in the site inventory, then map this term into one service-page cluster.",Book a discovery call,High,Medium — validate before implementation,Cluster review + site-inventory check required,"Semantic classification from keyword wording, service cluster, buyer stage, and planned URL. Live Google/Semrush SERPs have not yet been verified for every keyword.",High,"Startup product examples, delivery timeline, scope, and launch outcomes",Do not create a separate page for a close keyword variation unless the live SERP shows materially different intent.
S-024,SaaS product development company,Global English,Product And MVP Development,Commercial,Commercial Investigation,Vendor selection,Decision,Compare and shortlist companies that provide product and mvp development.,Commercial service page,/services/mvp-development,"Verify the route in the site inventory, then map this term into one service-page cluster.",Book a discovery call,High,Medium — validate before implementation,Cluster review + site-inventory check required,"Semantic classification from keyword wording, service cluster, buyer stage, and planned URL. Live Google/Semrush SERPs have not yet been verified for every keyword.",High,"Startup product examples, delivery timeline, scope, and launch outcomes",Do not create a separate page for a close keyword variation unless the live SERP shows materially different intent.
S-025,software product development company,Global English,Product And MVP Development,Commercial,Commercial Investigation,Vendor selection,Decision,Compare and shortlist companies that provide product and mvp development.,Commercial service page,/services/mvp-development,"Verify the route in the site inventory, then map this term into one service-page cluster.",Book a discovery call,High,Medium — validate before implementation,Cluster review + site-inventory check required,"Semantic classification from keyword wording, service cluster, buyer stage, and planned URL. Live Google/Semrush SERPs have not yet been verified for every keyword.",High,"Startup product examples, delivery timeline, scope, and launch outcomes",Do not create a separate page for a close keyword variation unless the live SERP shows materially different intent.
S-026,minimum viable product development,Global English,Product And MVP Development,Commercial,Mixed / Ambiguous,Topic education or service procurement,Unclear,Intent cannot be determined reliably from wording alone.,Determine after live SERP review,/services/mvp-development,Do not map or implement until the dominant ranking page type and buyer need are confirmed.,Determine after intent validation,Low,High — resolve mixed intent,Hold — intent unresolved,"Semantic classification from keyword wording, service cluster, buyer stage, and planned URL. Live Google/Semrush SERPs have not yet been verified for every keyword.",High,"Startup product examples, delivery timeline, scope, and launch outcomes","Inspect the first 10 organic results in each priority country and record whether they are service, educational, job, course, directory, or product pages."
S-027,MVP developers for startups,Global English,Product And MVP Development,Commercial,Commercial Investigation,Commercial capability research,Decision,Evaluate a provider for product and mvp development.,Commercial service page,/services/mvp-development,"Verify the route in the site inventory, then map this term into one service-page cluster.",Book a discovery call,Medium,High — wording may produce mixed SERPs,Cluster review + site-inventory check required,"Semantic classification from keyword wording, service cluster, buyer stage, and planned URL. Live Google/Semrush SERPs have not yet been verified for every keyword.",High,"Startup product examples, delivery timeline, scope, and launch outcomes",Do not create a separate page for a close keyword variation unless the live SERP shows materially different intent.
S-028,build an MVP development team,Global English,Product And MVP Development,Commercial,Commercial Investigation,Service procurement,Decision,Evaluate a provider for product and mvp development.,Commercial service page,/services/mvp-development,"Verify the route in the site inventory, then map this term into one service-page cluster.",Book a discovery call,High,Medium — validate before implementation,Cluster review + site-inventory check required,"Semantic classification from keyword wording, service cluster, buyer stage, and planned URL. Live Google/Semrush SERPs have not yet been verified for every keyword.",High,"Startup product examples, delivery timeline, scope, and launch outcomes",Do not create a separate page for a close keyword variation unless the live SERP shows materially different intent.
S-029,product engineering services for startups,Global English,Product And MVP Development,Commercial,Commercial Investigation,Service procurement,Decision,Evaluate a provider for product and mvp development.,Commercial service page,/services/mvp-development,"Verify the route in the site inventory, then map this term into one service-page cluster.",Book a discovery call,High,Medium — validate before implementation,Cluster review + site-inventory check required,"Semantic classification from keyword wording, service cluster, buyer stage, and planned URL. Live Google/Semrush SERPs have not yet been verified for every keyword.",High,"Startup product examples, delivery timeline, scope, and launch outcomes",Do not create a separate page for a close keyword variation unless the live SERP shows materially different intent.
S-030,web application development company,Global English,Web Application Development,Commercial,Commercial Investigation,Vendor selection,Decision,Compare and shortlist companies that provide web application development.,Commercial service page,/services/web-application-development,"Verify the route in the site inventory, then map this term into one service-page cluster.",Book a discovery call,High,Medium — validate before implementation,Cluster review + site-inventory check required,"Semantic classification from keyword wording, service cluster, buyer stage, and planned URL. Live Google/Semrush SERPs have not yet been verified for every keyword.",High,"Web application case studies, architecture, security, and performance evidence",Do not create a separate page for a close keyword variation unless the live SERP shows materially different intent.
S-031,web application development services,Global English,Web Application Development,Commercial,Commercial Investigation,Service procurement,Decision,Evaluate a provider for web application development.,Commercial service page,/services/web-application-development,"Verify the route in the site inventory, then map this term into one service-page cluster.",Book a discovery call,High,Medium — validate before implementation,Cluster review + site-inventory check required,"Semantic classification from keyword wording, service cluster, buyer stage, and planned URL. Live Google/Semrush SERPs have not yet been verified for every keyword.",High,"Web application case studies, architecture, security, and performance evidence",Do not create a separate page for a close keyword variation unless the live SERP shows materially different intent.
S-032,custom web application development company,Global English,Web Application Development,Commercial,Commercial Investigation,Vendor selection,Decision,Compare and shortlist companies that provide web application development.,Commercial service page,/services/web-application-development,"Verify the route in the site inventory, then map this term into one service-page cluster.",Book a discovery call,High,Medium — validate before implementation,Cluster review + site-inventory check required,"Semantic classification from keyword wording, service cluster, buyer stage, and planned URL. Live Google/Semrush SERPs have not yet been verified for every keyword.",High,"Web application case studies, architecture, security, and performance evidence",Do not create a separate page for a close keyword variation unless the live SERP shows materially different intent.
S-033,enterprise web application development,Global English,Web Application Development,Commercial,Commercial Investigation,Service procurement,Decision,Evaluate a provider for web application development.,Commercial service page,/services/web-application-development,"Verify the route in the site inventory, then map this term into one service-page cluster.",Book a discovery call,High,Medium — validate before implementation,Cluster review + site-inventory check required,"Semantic classification from keyword wording, service cluster, buyer stage, and planned URL. Live Google/Semrush SERPs have not yet been verified for every keyword.",High,"Web application case studies, architecture, security, and performance evidence",Do not create a separate page for a close keyword variation unless the live SERP shows materially different intent.
S-034,SaaS web application development,Global English,Web Application Development,Commercial,Commercial Investigation,Service procurement,Decision,Evaluate a provider for web application development.,Commercial service page,/services/web-application-development,"Verify the route in the site inventory, then map this term into one service-page cluster.",Book a discovery call,High,Medium — validate before implementation,Cluster review + site-inventory check required,"Semantic classification from keyword wording, service cluster, buyer stage, and planned URL. Live Google/Semrush SERPs have not yet been verified for every keyword.",High,"Web application case studies, architecture, security, and performance evidence",Do not create a separate page for a close keyword variation unless the live SERP shows materially different intent.
S-035,React web application development company,Global English,Web Application Development,Commercial,Commercial Investigation,Vendor selection,Decision,Compare and shortlist companies that provide web application development.,Commercial service page,/services/web-application-development,"Verify the route in the site inventory, then map this term into one service-page cluster.",Book a discovery call,High,Medium — validate before implementation,Cluster review + site-inventory check required,"Semantic classification from keyword wording, service cluster, buyer stage, and planned URL. Live Google/Semrush SERPs have not yet been verified for every keyword.",High,"Web application case studies, architecture, security, and performance evidence",Do not create a separate page for a close keyword variation unless the live SERP shows materially different intent.
S-036,Next.js development company,Global English,Web Application Development,Commercial,Commercial Investigation,Vendor selection,Decision,Compare and shortlist companies that provide web application development.,Commercial service page,/services/web-application-development,"Verify the route in the site inventory, then map this term into one service-page cluster.",Book a discovery call,High,Medium — validate before implementation,Cluster review + site-inventory check required,"Semantic classification from keyword wording, service cluster, buyer stage, and planned URL. Live Google/Semrush SERPs have not yet been verified for every keyword.",High,"Web application case studies, architecture, security, and performance evidence",Do not create a separate page for a close keyword variation unless the live SERP shows materially different intent.
S-037,secure web application development services,Global English,Web Application Development,Commercial,Commercial Investigation,Service procurement,Decision,Evaluate a provider for web application development.,Commercial service page,/services/web-application-development,"Verify the route in the site inventory, then map this term into one service-page cluster.",Book a discovery call,High,Medium — validate before implementation,Cluster review + site-inventory check required,"Semantic classification from keyword wording, service cluster, buyer stage, and planned URL. Live Google/Semrush SERPs have not yet been verified for every keyword.",High,"Web application case studies, architecture, security, and performance evidence",Do not create a separate page for a close keyword variation unless the live SERP shows materially different intent.
S-038,web portal development company,Global English,Web Application Development,Commercial,Commercial Investigation,Vendor selection,Decision,Compare and shortlist companies that provide web application development.,Commercial service page,/services/web-application-development,"Verify the route in the site inventory, then map this term into one service-page cluster.",Book a discovery call,High,Medium — validate before implementation,Cluster review + site-inventory check required,"Semantic classification from keyword wording, service cluster, buyer stage, and planned URL. Live Google/Semrush SERPs have not yet been verified for every keyword.",High,"Web application case studies, architecture, security, and performance evidence",Do not create a separate page for a close keyword variation unless the live SERP shows materially different intent.
S-039,mobile app development company,Global English,Mobile App Development,Commercial,Commercial Investigation,Vendor selection,Decision,Compare and shortlist companies that provide mobile app development.,Commercial service page,/services/mobile-app-development,"Verify the route in the site inventory, then map this term into one service-page cluster.",Book a discovery call,High,Medium — validate before implementation,Cluster review + site-inventory check required,"Semantic classification from keyword wording, service cluster, buyer stage, and planned URL. Live Google/Semrush SERPs have not yet been verified for every keyword.",High,"Published apps, screenshots, platform expertise, and measurable outcomes",Do not create a separate page for a close keyword variation unless the live SERP shows materially different intent.
S-040,mobile app development services,Global English,Mobile App Development,Commercial,Commercial Investigation,Service procurement,Decision,Evaluate a provider for mobile app development.,Commercial service page,/services/mobile-app-development,"Verify the route in the site inventory, then map this term into one service-page cluster.",Book a discovery call,High,Medium — validate before implementation,Cluster review + site-inventory check required,"Semantic classification from keyword wording, service cluster, buyer stage, and planned URL. Live Google/Semrush SERPs have not yet been verified for every keyword.",High,"Published apps, screenshots, platform expertise, and measurable outcomes",Do not create a separate page for a close keyword variation unless the live SERP shows materially different intent.
S-041,custom mobile app development company,Global English,Mobile App Development,Commercial,Commercial Investigation,Vendor selection,Decision,Compare and shortlist companies that provide mobile app development.,Commercial service page,/services/mobile-app-development,"Verify the route in the site inventory, then map this term into one service-page cluster.",Book a discovery call,High,Medium — validate before implementation,Cluster review + site-inventory check required,"Semantic classification from keyword wording, service cluster, buyer stage, and planned URL. Live Google/Semrush SERPs have not yet been verified for every keyword.",High,"Published apps, screenshots, platform expertise, and measurable outcomes",Do not create a separate page for a close keyword variation unless the live SERP shows materially different intent.
S-042,iOS app development company,Global English,Mobile App Development,Commercial,Commercial Investigation,Vendor selection,Decision,Compare and shortlist companies that provide mobile app development.,Commercial service page,/services/mobile-app-development,"Verify the route in the site inventory, then map this term into one service-page cluster.",Book a discovery call,High,Medium — validate before implementation,Cluster review + site-inventory check required,"Semantic classification from keyword wording, service cluster, buyer stage, and planned URL. Live Google/Semrush SERPs have not yet been verified for every keyword.",High,"Published apps, screenshots, platform expertise, and measurable outcomes",Do not create a separate page for a close keyword variation unless the live SERP shows materially different intent.
S-043,Android app development company,Global English,Mobile App Development,Commercial,Commercial Investigation,Vendor selection,Decision,Compare and shortlist companies that provide mobile app development.,Commercial service page,/services/mobile-app-development,"Verify the route in the site inventory, then map this term into one service-page cluster.",Book a discovery call,High,Medium — validate before implementation,Cluster review + site-inventory check required,"Semantic classification from keyword wording, service cluster, buyer stage, and planned URL. Live Google/Semrush SERPs have not yet been verified for every keyword.",High,"Published apps, screenshots, platform expertise, and measurable outcomes",Do not create a separate page for a close keyword variation unless the live SERP shows materially different intent.
S-044,Flutter app development company,Global English,Mobile App Development,Commercial,Commercial Investigation,Vendor selection,Decision,Compare and shortlist companies that provide mobile app development.,Commercial service page,/services/mobile-app-development,"Verify the route in the site inventory, then map this term into one service-page cluster.",Book a discovery call,High,Medium — validate before implementation,Cluster review + site-inventory check required,"Semantic classification from keyword wording, service cluster, buyer stage, and planned URL. Live Google/Semrush SERPs have not yet been verified for every keyword.",High,"Published apps, screenshots, platform expertise, and measurable outcomes",Do not create a separate page for a close keyword variation unless the live SERP shows materially different intent.
S-045,React Native app development company,Global English,Mobile App Development,Commercial,Commercial Investigation,Vendor selection,Decision,Compare and shortlist companies that provide mobile app development.,Commercial service page,/services/mobile-app-development,"Verify the route in the site inventory, then map this term into one service-page cluster.",Book a discovery call,High,Medium — validate before implementation,Cluster review + site-inventory check required,"Semantic classification from keyword wording, service cluster, buyer stage, and planned URL. Live Google/Semrush SERPs have not yet been verified for every keyword.",High,"Published apps, screenshots, platform expertise, and measurable outcomes",Do not create a separate page for a close keyword variation unless the live SERP shows materially different intent.
S-046,enterprise mobile app development,Global English,Mobile App Development,Commercial,Commercial Investigation,Service procurement,Decision,Evaluate a provider for mobile app development.,Commercial service page,/services/mobile-app-development,"Verify the route in the site inventory, then map this term into one service-page cluster.",Book a discovery call,High,Medium — validate before implementation,Cluster review + site-inventory check required,"Semantic classification from keyword wording, service cluster, buyer stage, and planned URL. Live Google/Semrush SERPs have not yet been verified for every keyword.",High,"Published apps, screenshots, platform expertise, and measurable outcomes",Do not create a separate page for a close keyword variation unless the live SERP shows materially different intent.
S-047,cross-platform app development company,Global English,Mobile App Development,Commercial,Commercial Investigation,Vendor selection,Decision,Compare and shortlist companies that provide mobile app development.,Commercial service page,/services/mobile-app-development,"Verify the route in the site inventory, then map this term into one service-page cluster.",Book a discovery call,High,Medium — validate before implementation,Cluster review + site-inventory check required,"Semantic classification from keyword wording, service cluster, buyer stage, and planned URL. Live Google/Semrush SERPs have not yet been verified for every keyword.",High,"Published apps, screenshots, platform expertise, and measurable outcomes",Do not create a separate page for a close keyword variation unless the live SERP shows materially different intent.
S-048,API development company,Global English,API And System Integration,Commercial,Commercial Investigation,Vendor selection,Decision,Compare and shortlist companies that provide api and system integration.,Commercial service page,/services/api-development,"Verify the route in the site inventory, then map this term into one service-page cluster.",Book a discovery call,High,Medium — validate before implementation,Cluster review + site-inventory check required,"Semantic classification from keyword wording, service cluster, buyer stage, and planned URL. Live Google/Semrush SERPs have not yet been verified for every keyword.",High,"API and integration diagrams, security approach, platforms, and project examples",Do not create a separate page for a close keyword variation unless the live SERP shows materially different intent.
S-049,API development services,Global English,API And System Integration,Commercial,Commercial Investigation,Service procurement,Decision,Evaluate a provider for api and system integration.,Commercial service page,/services/api-development,"Verify the route in the site inventory, then map this term into one service-page cluster.",Book a discovery call,High,Medium — validate before implementation,Cluster review + site-inventory check required,"Semantic classification from keyword wording, service cluster, buyer stage, and planned URL. Live Google/Semrush SERPs have not yet been verified for every keyword.",High,"API and integration diagrams, security approach, platforms, and project examples",Do not create a separate page for a close keyword variation unless the live SERP shows materially different intent.
S-050,custom API development services,Global English,API And System Integration,Commercial,Commercial Investigation,Service procurement,Decision,Evaluate a provider for api and system integration.,Commercial service page,/services/api-development,"Verify the route in the site inventory, then map this term into one service-page cluster.",Book a discovery call,High,Medium — validate before implementation,Cluster review + site-inventory check required,"Semantic classification from keyword wording, service cluster, buyer stage, and planned URL. Live Google/Semrush SERPs have not yet been verified for every keyword.",High,"API and integration diagrams, security approach, platforms, and project examples",Do not create a separate page for a close keyword variation unless the live SERP shows materially different intent.
S-051,REST API development company,Global English,API And System Integration,Commercial,Commercial Investigation,Vendor selection,Decision,Compare and shortlist companies that provide api and system integration.,Commercial service page,/services/api-development,"Verify the route in the site inventory, then map this term into one service-page cluster.",Book a discovery call,High,Medium — validate before implementation,Cluster review + site-inventory check required,"Semantic classification from keyword wording, service cluster, buyer stage, and planned URL. Live Google/Semrush SERPs have not yet been verified for every keyword.",High,"API and integration diagrams, security approach, platforms, and project examples",Do not create a separate page for a close keyword variation unless the live SERP shows materially different intent.
S-052,backend development services,Global English,API And System Integration,Commercial,Commercial Investigation,Service procurement,Decision,Evaluate a provider for api and system integration.,Commercial service page,/services/api-development,"Verify the route in the site inventory, then map this term into one service-page cluster.",Book a discovery call,High,Medium — validate before implementation,Cluster review + site-inventory check required,"Semantic classification from keyword wording, service cluster, buyer stage, and planned URL. Live Google/Semrush SERPs have not yet been verified for every keyword.",High,"API and integration diagrams, security approach, platforms, and project examples",Do not create a separate page for a close keyword variation unless the live SERP shows materially different intent.
S-053,web service development company,Global English,API And System Integration,Commercial,Commercial Investigation,Vendor selection,Decision,Compare and shortlist companies that provide api and system integration.,Commercial service page,/services/api-development,"Verify the route in the site inventory, then map this term into one service-page cluster.",Book a discovery call,High,Medium — validate before implementation,Cluster review + site-inventory check required,"Semantic classification from keyword wording, service cluster, buyer stage, and planned URL. Live Google/Semrush SERPs have not yet been verified for every keyword.",High,"API and integration diagrams, security approach, platforms, and project examples",Do not create a separate page for a close keyword variation unless the live SERP shows materially different intent.
S-054,system integration company,Global English,API And System Integration,Commercial,Commercial Investigation,Vendor selection,Decision,Compare and shortlist companies that provide api and system integration.,Commercial service page,/services/system-integration,"Verify the route in the site inventory, then map this term into one service-page cluster.",Book a discovery call,High,Medium — validate before implementation,Cluster review + site-inventory check required,"Semantic classification from keyword wording, service cluster, buyer stage, and planned URL. Live Google/Semrush SERPs have not yet been verified for every keyword.",High,"API and integration diagrams, security approach, platforms, and project examples",Do not create a separate page for a close keyword variation unless the live SERP shows materially different intent.
S-055,system integration services,Global English,API And System Integration,Commercial,Commercial Investigation,Service procurement,Decision,Evaluate a provider for api and system integration.,Commercial service page,/services/system-integration,"Verify the route in the site inventory, then map this term into one service-page cluster.",Book a discovery call,High,Medium — validate before implementation,Cluster review + site-inventory check required,"Semantic classification from keyword wording, service cluster, buyer stage, and planned URL. Live Google/Semrush SERPs have not yet been verified for every keyword.",High,"API and integration diagrams, security approach, platforms, and project examples",Do not create a separate page for a close keyword variation unless the live SERP shows materially different intent.
S-056,enterprise application integration services,Global English,API And System Integration,Commercial,Commercial Investigation,Service procurement,Decision,Evaluate a provider for api and system integration.,Commercial service page,/services/system-integration,"Verify the route in the site inventory, then map this term into one service-page cluster.",Book a discovery call,High,Medium — validate before implementation,Cluster review + site-inventory check required,"Semantic classification from keyword wording, service cluster, buyer stage, and planned URL. Live Google/Semrush SERPs have not yet been verified for every keyword.",High,"API and integration diagrams, security approach, platforms, and project examples",Do not create a separate page for a close keyword variation unless the live SERP shows materially different intent.
S-057,ERP integration services,Global English,API And System Integration,Commercial,Commercial Investigation,Service procurement,Decision,Evaluate a provider for api and system integration.,Commercial service page,/services/system-integration,"Verify the route in the site inventory, then map this term into one service-page cluster.",Book a discovery call,High,Medium — validate before implementation,Cluster review + site-inventory check required,"Semantic classification from keyword wording, service cluster, buyer stage, and planned URL. Live Google/Semrush SERPs have not yet been verified for every keyword.",High,"API and integration diagrams, security approach, platforms, and project examples",Do not create a separate page for a close keyword variation unless the live SERP shows materially different intent.
S-058,hire developers,Global English,Hire Developers,Commercial,Transactional,Developer or engineering-team hiring,Decision,Review available technical talent and start a hiring or team-extension conversation.,Hire-developer or team landing page,/hire-developers,Map closely related hiring variants to the relevant hire-developer hub or specialist child page after cannibalization review.,Request developer profiles,High,Medium — validate whether specialist pages are justified,Cluster review + staffing proof required,"Semantic classification from keyword wording, service cluster, buyer stage, and planned URL. Live Google/Semrush SERPs have not yet been verified for every keyword.",High,"Vetting process, sample profiles, availability, time-zone coverage, IP, and rates",Do not create a separate page for a close keyword variation unless the live SERP shows materially different intent.
S-059,hire dedicated developers,Global English,Hire Developers,Commercial,Transactional,Developer or engineering-team hiring,Decision,Review available technical talent and start a hiring or team-extension conversation.,Hire-developer or team landing page,/hire-developers,Map closely related hiring variants to the relevant hire-developer hub or specialist child page after cannibalization review.,Request developer profiles,High,Medium — validate whether specialist pages are justified,Cluster review + staffing proof required,"Semantic classification from keyword wording, service cluster, buyer stage, and planned URL. Live Google/Semrush SERPs have not yet been verified for every keyword.",High,"Vetting process, sample profiles, availability, time-zone coverage, IP, and rates",Do not create a separate page for a close keyword variation unless the live SERP shows materially different intent.
S-060,hire software developers,Global English,Hire Developers,Commercial,Transactional,Developer or engineering-team hiring,Decision,Review available technical talent and start a hiring or team-extension conversation.,Hire-developer or team landing page,/hire-developers,Map closely related hiring variants to the relevant hire-developer hub or specialist child page after cannibalization review.,Request developer profiles,High,Medium — validate whether specialist pages are justified,Cluster review + staffing proof required,"Semantic classification from keyword wording, service cluster, buyer stage, and planned URL. Live Google/Semrush SERPs have not yet been verified for every keyword.",High,"Vetting process, sample profiles, availability, time-zone coverage, IP, and rates",Do not create a separate page for a close keyword variation unless the live SERP shows materially different intent.
S-061,hire remote developers,Global English,Hire Developers,Commercial,Transactional,Developer or engineering-team hiring,Decision,Review available technical talent and start a hiring or team-extension conversation.,Hire-developer or team landing page,/hire-developers,Map closely related hiring variants to the relevant hire-developer hub or specialist child page after cannibalization review.,Request developer profiles,High,Medium — validate whether specialist pages are justified,Cluster review + staffing proof required,"Semantic classification from keyword wording, service cluster, buyer stage, and planned URL. Live Google/Semrush SERPs have not yet been verified for every keyword.",High,"Vetting process, sample profiles, availability, time-zone coverage, IP, and rates",Do not create a separate page for a close keyword variation unless the live SERP shows materially different intent.
S-062,hire full stack developers,Global English,Hire Developers,Commercial,Transactional,Developer or engineering-team hiring,Decision,Review available technical talent and start a hiring or team-extension conversation.,Hire-developer or team landing page,/hire-developers,Map closely related hiring variants to the relevant hire-developer hub or specialist child page after cannibalization review.,Request developer profiles,High,Medium — validate whether specialist pages are justified,Cluster review + staffing proof required,"Semantic classification from keyword wording, service cluster, buyer stage, and planned URL. Live Google/Semrush SERPs have not yet been verified for every keyword.",High,"Vetting process, sample profiles, availability, time-zone coverage, IP, and rates",Do not create a separate page for a close keyword variation unless the live SERP shows materially different intent.
S-063,hire React developers,Global English,Hire Developers,Commercial,Transactional,Developer or engineering-team hiring,Decision,Review available technical talent and start a hiring or team-extension conversation.,Hire-developer or team landing page,/hire-developers,Map closely related hiring variants to the relevant hire-developer hub or specialist child page after cannibalization review.,Request developer profiles,High,Medium — validate whether specialist pages are justified,Cluster review + staffing proof required,"Semantic classification from keyword wording, service cluster, buyer stage, and planned URL. Live Google/Semrush SERPs have not yet been verified for every keyword.",High,"Vetting process, sample profiles, availability, time-zone coverage, IP, and rates",Do not create a separate page for a close keyword variation unless the live SERP shows materially different intent.
S-064,hire Next.js developers,Global English,Hire Developers,Commercial,Transactional,Developer or engineering-team hiring,Decision,Review available technical talent and start a hiring or team-extension conversation.,Hire-developer or team landing page,/hire-developers,Map closely related hiring variants to the relevant hire-developer hub or specialist child page after cannibalization review.,Request developer profiles,High,Medium — validate whether specialist pages are justified,Cluster review + staffing proof required,"Semantic classification from keyword wording, service cluster, buyer stage, and planned URL. Live Google/Semrush SERPs have not yet been verified for every keyword.",High,"Vetting process, sample profiles, availability, time-zone coverage, IP, and rates",Do not create a separate page for a close keyword variation unless the live SERP shows materially different intent.
S-065,hire Node.js developers,Global English,Hire Developers,Commercial,Transactional,Developer or engineering-team hiring,Decision,Review available technical talent and start a hiring or team-extension conversation.,Hire-developer or team landing page,/hire-developers,Map closely related hiring variants to the relevant hire-developer hub or specialist child page after cannibalization review.,Request developer profiles,High,Medium — validate whether specialist pages are justified,Cluster review + staffing proof required,"Semantic classification from keyword wording, service cluster, buyer stage, and planned URL. Live Google/Semrush SERPs have not yet been verified for every keyword.",High,"Vetting process, sample profiles, availability, time-zone coverage, IP, and rates",Do not create a separate page for a close keyword variation unless the live SERP shows materially different intent.
S-066,hire Python developers,Global English,Hire Developers,Commercial,Transactional,Developer or engineering-team hiring,Decision,Review available technical talent and start a hiring or team-extension conversation.,Hire-developer or team landing page,/hire-developers,Map closely related hiring variants to the relevant hire-developer hub or specialist child page after cannibalization review.,Request developer profiles,High,Medium — validate whether specialist pages are justified,Cluster review + staffing proof required,"Semantic classification from keyword wording, service cluster, buyer stage, and planned URL. Live Google/Semrush SERPs have not yet been verified for every keyword.",High,"Vetting process, sample profiles, availability, time-zone coverage, IP, and rates",Do not create a separate page for a close keyword variation unless the live SERP shows materially different intent.
S-067,hire Laravel developers,Global English,Hire Developers,Commercial,Transactional,Developer or engineering-team hiring,Decision,Review available technical talent and start a hiring or team-extension conversation.,Hire-developer or team landing page,/hire-developers,Map closely related hiring variants to the relevant hire-developer hub or specialist child page after cannibalization review.,Request developer profiles,High,Medium — validate whether specialist pages are justified,Cluster review + staffing proof required,"Semantic classification from keyword wording, service cluster, buyer stage, and planned URL. Live Google/Semrush SERPs have not yet been verified for every keyword.",High,"Vetting process, sample profiles, availability, time-zone coverage, IP, and rates",Do not create a separate page for a close keyword variation unless the live SERP shows materially different intent.
S-068,hire mobile app developers,Global English,Hire Developers,Commercial,Transactional,Developer or engineering-team hiring,Decision,Review available technical talent and start a hiring or team-extension conversation.,Hire-developer or team landing page,/hire-developers,Map closely related hiring variants to the relevant hire-developer hub or specialist child page after cannibalization review.,Request developer profiles,High,Medium — validate whether specialist pages are justified,Cluster review + staffing proof required,"Semantic classification from keyword wording, service cluster, buyer stage, and planned URL. Live Google/Semrush SERPs have not yet been verified for every keyword.",High,"Vetting process, sample profiles, availability, time-zone coverage, IP, and rates",Do not create a separate page for a close keyword variation unless the live SERP shows materially different intent.
S-069,hire Flutter developers,Global English,Hire Developers,Commercial,Transactional,Developer or engineering-team hiring,Decision,Review available technical talent and start a hiring or team-extension conversation.,Hire-developer or team landing page,/hire-developers,Map closely related hiring variants to the relevant hire-developer hub or specialist child page after cannibalization review.,Request developer profiles,High,Medium — validate whether specialist pages are justified,Cluster review + staffing proof required,"Semantic classification from keyword wording, service cluster, buyer stage, and planned URL. Live Google/Semrush SERPs have not yet been verified for every keyword.",High,"Vetting process, sample profiles, availability, time-zone coverage, IP, and rates",Do not create a separate page for a close keyword variation unless the live SERP shows materially different intent.
S-070,hire DevOps engineers,Global English,Hire Developers,Commercial,Transactional,Developer or engineering-team hiring,Decision,Review available technical talent and start a hiring or team-extension conversation.,Hire-developer or team landing page,/hire-developers,Map closely related hiring variants to the relevant hire-developer hub or specialist child page after cannibalization review.,Request developer profiles,High,Medium — validate whether specialist pages are justified,Cluster review + staffing proof required,"Semantic classification from keyword wording, service cluster, buyer stage, and planned URL. Live Google/Semrush SERPs have not yet been verified for every keyword.",High,"Vetting process, sample profiles, availability, time-zone coverage, IP, and rates",Do not create a separate page for a close keyword variation unless the live SERP shows materially different intent.
S-071,hire QA engineers,Global English,Hire Developers,Commercial,Transactional,Developer or engineering-team hiring,Decision,Review available technical talent and start a hiring or team-extension conversation.,Hire-developer or team landing page,/hire-developers,Map closely related hiring variants to the relevant hire-developer hub or specialist child page after cannibalization review.,Request developer profiles,High,Medium — validate whether specialist pages are justified,Cluster review + staffing proof required,"Semantic classification from keyword wording, service cluster, buyer stage, and planned URL. Live Google/Semrush SERPs have not yet been verified for every keyword.",High,"Vetting process, sample profiles, availability, time-zone coverage, IP, and rates",Do not create a separate page for a close keyword variation unless the live SERP shows materially different intent.
S-072,hire AI developers,Global English,Hire Developers,Commercial,Transactional,Developer or engineering-team hiring,Decision,Review available technical talent and start a hiring or team-extension conversation.,Hire-developer or team landing page,/hire-developers,Map closely related hiring variants to the relevant hire-developer hub or specialist child page after cannibalization review.,Request developer profiles,High,Medium — validate whether specialist pages are justified,Cluster review + staffing proof required,"Semantic classification from keyword wording, service cluster, buyer stage, and planned URL. Live Google/Semrush SERPs have not yet been verified for every keyword.",High,"Vetting process, sample profiles, availability, time-zone coverage, IP, and rates",Do not create a separate page for a close keyword variation unless the live SERP shows materially different intent.
S-073,IT staff augmentation services,Global English,Engineering Team Models,Commercial,Commercial Investigation,Engineering engagement-model selection,Decision,"Evaluate a team, staffing, or delivery model for an active engineering need.",Commercial service page,/services/staff-augmentation,"Verify the route in the site inventory, then map this term into one service-page cluster.",Discuss team requirements,High,Medium — validate before implementation,Cluster review + site-inventory check required,"Semantic classification from keyword wording, service cluster, buyer stage, and planned URL. Live Google/Semrush SERPs have not yet been verified for every keyword.",High,"Clear model definitions, management ownership, SLAs, pricing model, and case proof",Do not create a separate page for a close keyword variation unless the live SERP shows materially different intent.
S-074,software development staff augmentation,Global English,Engineering Team Models,Commercial,Commercial Investigation,Engineering engagement-model selection,Decision,"Evaluate a team, staffing, or delivery model for an active engineering need.",Commercial service page,/services/staff-augmentation,"Verify the route in the site inventory, then map this term into one service-page cluster.",Discuss team requirements,High,Medium — validate before implementation,Cluster review + site-inventory check required,"Semantic classification from keyword wording, service cluster, buyer stage, and planned URL. Live Google/Semrush SERPs have not yet been verified for every keyword.",High,"Clear model definitions, management ownership, SLAs, pricing model, and case proof",Do not create a separate page for a close keyword variation unless the live SERP shows materially different intent.
S-075,technical staff augmentation services,Global English,Engineering Team Models,Commercial,Commercial Investigation,Engineering engagement-model selection,Decision,"Evaluate a team, staffing, or delivery model for an active engineering need.",Commercial service page,/services/staff-augmentation,"Verify the route in the site inventory, then map this term into one service-page cluster.",Discuss team requirements,High,Medium — validate before implementation,Cluster review + site-inventory check required,"Semantic classification from keyword wording, service cluster, buyer stage, and planned URL. Live Google/Semrush SERPs have not yet been verified for every keyword.",High,"Clear model definitions, management ownership, SLAs, pricing model, and case proof",Do not create a separate page for a close keyword variation unless the live SERP shows materially different intent.
S-076,engineering staff augmentation company,Global English,Engineering Team Models,Commercial,Commercial Investigation,Vendor selection,Decision,Compare and shortlist companies that provide engineering team models.,Commercial service page,/services/staff-augmentation,"Verify the route in the site inventory, then map this term into one service-page cluster.",Book a discovery call,High,Medium — validate before implementation,Cluster review + site-inventory check required,"Semantic classification from keyword wording, service cluster, buyer stage, and planned URL. Live Google/Semrush SERPs have not yet been verified for every keyword.",High,"Clear model definitions, management ownership, SLAs, pricing model, and case proof",Do not create a separate page for a close keyword variation unless the live SERP shows materially different intent.
S-077,dedicated development team,Global English,Engineering Team Models,Commercial,Commercial Investigation,Engineering engagement-model selection,Decision,"Evaluate a team, staffing, or delivery model for an active engineering need.",Commercial service page,/services/dedicated-development-team,"Verify the route in the site inventory, then map this term into one service-page cluster.",Discuss team requirements,High,Medium — validate before implementation,Cluster review + site-inventory check required,"Semantic classification from keyword wording, service cluster, buyer stage, and planned URL. Live Google/Semrush SERPs have not yet been verified for every keyword.",High,"Clear model definitions, management ownership, SLAs, pricing model, and case proof",Do not create a separate page for a close keyword variation unless the live SERP shows materially different intent.
S-078,dedicated software development team,Global English,Engineering Team Models,Commercial,Commercial Investigation,Service procurement,Decision,Evaluate a provider for engineering team models.,Commercial service page,/services/dedicated-development-team,"Verify the route in the site inventory, then map this term into one service-page cluster.",Book a discovery call,High,Medium — validate before implementation,Cluster review + site-inventory check required,"Semantic classification from keyword wording, service cluster, buyer stage, and planned URL. Live Google/Semrush SERPs have not yet been verified for every keyword.",High,"Clear model definitions, management ownership, SLAs, pricing model, and case proof",Do not create a separate page for a close keyword variation unless the live SERP shows materially different intent.
S-079,hire a dedicated development team,Global English,Engineering Team Models,Commercial,Transactional,Developer or engineering-team hiring,Decision,Review available technical talent and start a hiring or team-extension conversation.,Hire-developer or team landing page,/services/dedicated-development-team,Map closely related hiring variants to the relevant hire-developer hub or specialist child page after cannibalization review.,Request developer profiles,High,Medium — validate whether specialist pages are justified,Cluster review + staffing proof required,"Semantic classification from keyword wording, service cluster, buyer stage, and planned URL. Live Google/Semrush SERPs have not yet been verified for every keyword.",High,"Clear model definitions, management ownership, SLAs, pricing model, and case proof",Do not create a separate page for a close keyword variation unless the live SERP shows materially different intent.
S-080,managed software development team,Global English,Engineering Team Models,Commercial,Commercial Investigation,Engineering engagement-model selection,Decision,"Evaluate a team, staffing, or delivery model for an active engineering need.",Commercial service page,/services/managed-engineering-team,"Verify the route in the site inventory, then map this term into one service-page cluster.",Discuss team requirements,High,Medium — validate before implementation,Cluster review + site-inventory check required,"Semantic classification from keyword wording, service cluster, buyer stage, and planned URL. Live Google/Semrush SERPs have not yet been verified for every keyword.",High,"Clear model definitions, management ownership, SLAs, pricing model, and case proof",Do not create a separate page for a close keyword variation unless the live SERP shows materially different intent.
S-081,managed engineering services,Global English,Engineering Team Models,Commercial,Commercial Investigation,Service procurement,Decision,Evaluate a provider for engineering team models.,Commercial service page,/services/managed-engineering-team,"Verify the route in the site inventory, then map this term into one service-page cluster.",Book a discovery call,High,Medium — validate before implementation,Cluster review + site-inventory check required,"Semantic classification from keyword wording, service cluster, buyer stage, and planned URL. Live Google/Semrush SERPs have not yet been verified for every keyword.",High,"Clear model definitions, management ownership, SLAs, pricing model, and case proof",Do not create a separate page for a close keyword variation unless the live SERP shows materially different intent.
S-082,software development team extension,Global English,Engineering Team Models,Commercial,Commercial Investigation,Engineering engagement-model selection,Decision,"Evaluate a team, staffing, or delivery model for an active engineering need.",Commercial service page,/services/team-extension,"Verify the route in the site inventory, then map this term into one service-page cluster.",Discuss team requirements,High,Medium — validate before implementation,Cluster review + site-inventory check required,"Semantic classification from keyword wording, service cluster, buyer stage, and planned URL. Live Google/Semrush SERPs have not yet been verified for every keyword.",High,"Clear model definitions, management ownership, SLAs, pricing model, and case proof",Do not create a separate page for a close keyword variation unless the live SERP shows materially different intent.
S-083,IT staffing services,Global English,Engineering Team Models,Commercial,Commercial Investigation,Engineering engagement-model selection,Decision,"Evaluate a team, staffing, or delivery model for an active engineering need.",Commercial service page,/services/it-staffing,"Verify the route in the site inventory, then map this term into one service-page cluster.",Discuss team requirements,High,Medium — validate before implementation,Cluster review + site-inventory check required,"Semantic classification from keyword wording, service cluster, buyer stage, and planned URL. Live Google/Semrush SERPs have not yet been verified for every keyword.",High,"Clear model definitions, management ownership, SLAs, pricing model, and case proof",Do not create a separate page for a close keyword variation unless the live SERP shows materially different intent.
S-084,technology staffing company,Global English,Engineering Team Models,Commercial,Commercial Investigation,Vendor selection,Decision,Compare and shortlist companies that provide engineering team models.,Commercial service page,/services/it-staffing,"Verify the route in the site inventory, then map this term into one service-page cluster.",Book a discovery call,High,Medium — validate before implementation,Cluster review + site-inventory check required,"Semantic classification from keyword wording, service cluster, buyer stage, and planned URL. Live Google/Semrush SERPs have not yet been verified for every keyword.",High,"Clear model definitions, management ownership, SLAs, pricing model, and case proof",Do not create a separate page for a close keyword variation unless the live SERP shows materially different intent.
S-085,AI development company,Global English,Artificial Intelligence,Commercial,Commercial Investigation,Vendor selection,Decision,Compare and shortlist companies that provide artificial intelligence.,Commercial service page,/services/artificial-intelligence,"Verify the route in the site inventory, then map this term into one service-page cluster.",Book a discovery call,High,Medium — validate before implementation,Cluster review + site-inventory check required,"Semantic classification from keyword wording, service cluster, buyer stage, and planned URL. Live Google/Semrush SERPs have not yet been verified for every keyword.",High,"Approved AI use cases, model stack, security, data privacy, and outcomes",Do not create a separate page for a close keyword variation unless the live SERP shows materially different intent.
S-086,AI development services,Global English,Artificial Intelligence,Commercial,Commercial Investigation,Service procurement,Decision,Evaluate a provider for artificial intelligence.,Commercial service page,/services/artificial-intelligence,"Verify the route in the site inventory, then map this term into one service-page cluster.",Book a discovery call,High,Medium — validate before implementation,Cluster review + site-inventory check required,"Semantic classification from keyword wording, service cluster, buyer stage, and planned URL. Live Google/Semrush SERPs have not yet been verified for every keyword.",High,"Approved AI use cases, model stack, security, data privacy, and outcomes",Do not create a separate page for a close keyword variation unless the live SERP shows materially different intent.
S-087,generative AI development company,Global English,Artificial Intelligence,Commercial,Commercial Investigation,Vendor selection,Decision,Compare and shortlist companies that provide artificial intelligence.,Commercial service page,/services/artificial-intelligence,"Verify the route in the site inventory, then map this term into one service-page cluster.",Book a discovery call,High,Medium — validate before implementation,Cluster review + site-inventory check required,"Semantic classification from keyword wording, service cluster, buyer stage, and planned URL. Live Google/Semrush SERPs have not yet been verified for every keyword.",High,"Approved AI use cases, model stack, security, data privacy, and outcomes",Do not create a separate page for a close keyword variation unless the live SERP shows materially different intent.
S-088,LLM development company,Global English,Artificial Intelligence,Commercial,Commercial Investigation,Vendor selection,Decision,Compare and shortlist companies that provide artificial intelligence.,Commercial service page,/services/artificial-intelligence,"Verify the route in the site inventory, then map this term into one service-page cluster.",Book a discovery call,High,Medium — validate before implementation,Cluster review + site-inventory check required,"Semantic classification from keyword wording, service cluster, buyer stage, and planned URL. Live Google/Semrush SERPs have not yet been verified for every keyword.",High,"Approved AI use cases, model stack, security, data privacy, and outcomes",Do not create a separate page for a close keyword variation unless the live SERP shows materially different intent.
S-089,enterprise AI development services,Global English,Artificial Intelligence,Commercial,Commercial Investigation,Service procurement,Decision,Evaluate a provider for artificial intelligence.,Commercial service page,/services/artificial-intelligence,"Verify the route in the site inventory, then map this term into one service-page cluster.",Book a discovery call,High,Medium — validate before implementation,Cluster review + site-inventory check required,"Semantic classification from keyword wording, service cluster, buyer stage, and planned URL. Live Google/Semrush SERPs have not yet been verified for every keyword.",High,"Approved AI use cases, model stack, security, data privacy, and outcomes",Do not create a separate page for a close keyword variation unless the live SERP shows materially different intent.
S-090,AI application development company,Global English,Artificial Intelligence,Commercial,Commercial Investigation,Vendor selection,Decision,Compare and shortlist companies that provide artificial intelligence.,Commercial service page,/services/artificial-intelligence,"Verify the route in the site inventory, then map this term into one service-page cluster.",Book a discovery call,High,Medium — validate before implementation,Cluster review + site-inventory check required,"Semantic classification from keyword wording, service cluster, buyer stage, and planned URL. Live Google/Semrush SERPs have not yet been verified for every keyword.",High,"Approved AI use cases, model stack, security, data privacy, and outcomes",Do not create a separate page for a close keyword variation unless the live SERP shows materially different intent.
S-091,AI chatbot development company,Global English,Artificial Intelligence,Commercial,Commercial Investigation,Vendor selection,Decision,Compare and shortlist companies that provide artificial intelligence.,Commercial service page,/services/artificial-intelligence,"Verify the route in the site inventory, then map this term into one service-page cluster.",Book a discovery call,High,Medium — validate before implementation,Cluster review + site-inventory check required,"Semantic classification from keyword wording, service cluster, buyer stage, and planned URL. Live Google/Semrush SERPs have not yet been verified for every keyword.",High,"Approved AI use cases, model stack, security, data privacy, and outcomes",Do not create a separate page for a close keyword variation unless the live SERP shows materially different intent.
S-092,computer vision development company,Global English,Artificial Intelligence,Commercial,Commercial Investigation,Vendor selection,Decision,Compare and shortlist companies that provide artificial intelligence.,Commercial service page,/services/artificial-intelligence,"Verify the route in the site inventory, then map this term into one service-page cluster.",Book a discovery call,High,Medium — validate before implementation,Cluster review + site-inventory check required,"Semantic classification from keyword wording, service cluster, buyer stage, and planned URL. Live Google/Semrush SERPs have not yet been verified for every keyword.",High,"Approved AI use cases, model stack, security, data privacy, and outcomes",Do not create a separate page for a close keyword variation unless the live SERP shows materially different intent.
S-093,machine learning development services,Global English,Artificial Intelligence,Commercial,Commercial Investigation,Service procurement,Decision,Evaluate a provider for artificial intelligence.,Commercial service page,/services/artificial-intelligence,"Verify the route in the site inventory, then map this term into one service-page cluster.",Book a discovery call,High,Medium — validate before implementation,Cluster review + site-inventory check required,"Semantic classification from keyword wording, service cluster, buyer stage, and planned URL. Live Google/Semrush SERPs have not yet been verified for every keyword.",High,"Approved AI use cases, model stack, security, data privacy, and outcomes",Do not create a separate page for a close keyword variation unless the live SERP shows materially different intent.
S-094,forward deployed AI engineer,Global English,Artificial Intelligence,Commercial,Mixed / Ambiguous,"Role definition, hiring, or managed-service search",Unclear,Intent cannot be determined reliably from wording alone.,Determine after live SERP review,/services/forward-deployed-ai-engineering,Do not map or implement until the dominant ranking page type and buyer need are confirmed.,Determine after intent validation,Low,High — resolve mixed intent,Hold — intent unresolved,"Semantic classification from keyword wording, service cluster, buyer stage, and planned URL. Live Google/Semrush SERPs have not yet been verified for every keyword.",High,"Approved AI use cases, model stack, security, data privacy, and outcomes","Inspect the first 10 organic results in each priority country and record whether they are service, educational, job, course, directory, or product pages."
S-095,cloud consulting services,Global English,Cloud And DevOps,Commercial,Commercial Investigation,Consulting partner selection,Decision,Evaluate a consulting partner for cloud and devops.,Commercial service page,/services/cloud-consulting,"Verify the route in the site inventory, then map this term into one service-page cluster.",Book a discovery call,High,Medium — validate before implementation,Cluster review + site-inventory check required,"Semantic classification from keyword wording, service cluster, buyer stage, and planned URL. Live Google/Semrush SERPs have not yet been verified for every keyword.",High,"Cloud case studies, platform expertise, migration outcomes, SLAs, and reliability evidence",Do not create a separate page for a close keyword variation unless the live SERP shows materially different intent.
S-096,cloud consulting company,Global English,Cloud And DevOps,Commercial,Commercial Investigation,Vendor selection,Decision,Compare and shortlist companies that provide cloud and devops.,Commercial service page,/services/cloud-consulting,"Verify the route in the site inventory, then map this term into one service-page cluster.",Book a discovery call,High,Medium — validate before implementation,Cluster review + site-inventory check required,"Semantic classification from keyword wording, service cluster, buyer stage, and planned URL. Live Google/Semrush SERPs have not yet been verified for every keyword.",High,"Cloud case studies, platform expertise, migration outcomes, SLAs, and reliability evidence",Do not create a separate page for a close keyword variation unless the live SERP shows materially different intent.
S-097,AWS cloud consulting services,Global English,Cloud And DevOps,Commercial,Commercial Investigation,Consulting partner selection,Decision,Evaluate a consulting partner for cloud and devops.,Commercial service page,/services/cloud-consulting,"Verify the route in the site inventory, then map this term into one service-page cluster.",Book a discovery call,High,Medium — validate before implementation,Cluster review + site-inventory check required,"Semantic classification from keyword wording, service cluster, buyer stage, and planned URL. Live Google/Semrush SERPs have not yet been verified for every keyword.",High,"Cloud case studies, platform expertise, migration outcomes, SLAs, and reliability evidence",Do not create a separate page for a close keyword variation unless the live SERP shows materially different intent.
S-098,Azure cloud consulting services,Global English,Cloud And DevOps,Commercial,Commercial Investigation,Consulting partner selection,Decision,Evaluate a consulting partner for cloud and devops.,Commercial service page,/services/cloud-consulting,"Verify the route in the site inventory, then map this term into one service-page cluster.",Book a discovery call,High,Medium — validate before implementation,Cluster review + site-inventory check required,"Semantic classification from keyword wording, service cluster, buyer stage, and planned URL. Live Google/Semrush SERPs have not yet been verified for every keyword.",High,"Cloud case studies, platform expertise, migration outcomes, SLAs, and reliability evidence",Do not create a separate page for a close keyword variation unless the live SERP shows materially different intent.
S-099,Google Cloud consulting services,Global English,Cloud And DevOps,Commercial,Commercial Investigation,Consulting partner selection,Decision,Evaluate a consulting partner for cloud and devops.,Commercial service page,/services/cloud-consulting,"Verify the route in the site inventory, then map this term into one service-page cluster.",Book a discovery call,High,Medium — validate before implementation,Cluster review + site-inventory check required,"Semantic classification from keyword wording, service cluster, buyer stage, and planned URL. Live Google/Semrush SERPs have not yet been verified for every keyword.",High,"Cloud case studies, platform expertise, migration outcomes, SLAs, and reliability evidence",Do not create a separate page for a close keyword variation unless the live SERP shows materially different intent.
S-100,cloud migration services,Global English,Cloud And DevOps,Commercial,Commercial Investigation,Service procurement,Decision,Evaluate a provider for cloud and devops.,Commercial service page,/services/cloud-migration,"Verify the route in the site inventory, then map this term into one service-page cluster.",Book a discovery call,High,Medium — validate before implementation,Cluster review + site-inventory check required,"Semantic classification from keyword wording, service cluster, buyer stage, and planned URL. Live Google/Semrush SERPs have not yet been verified for every keyword.",High,"Cloud case studies, platform expertise, migration outcomes, SLAs, and reliability evidence",Do not create a separate page for a close keyword variation unless the live SERP shows materially different intent.
S-101,cloud migration company,Global English,Cloud And DevOps,Commercial,Commercial Investigation,Vendor selection,Decision,Compare and shortlist companies that provide cloud and devops.,Commercial service page,/services/cloud-migration,"Verify the route in the site inventory, then map this term into one service-page cluster.",Book a discovery call,High,Medium — validate before implementation,Cluster review + site-inventory check required,"Semantic classification from keyword wording, service cluster, buyer stage, and planned URL. Live Google/Semrush SERPs have not yet been verified for every keyword.",High,"Cloud case studies, platform expertise, migration outcomes, SLAs, and reliability evidence",Do not create a separate page for a close keyword variation unless the live SERP shows materially different intent.
S-102,application migration to cloud,Global English,Cloud And DevOps,Commercial,Commercial Investigation,Service procurement,Decision,Evaluate a provider for cloud and devops.,Commercial service page,/services/cloud-migration,"Verify the route in the site inventory, then map this term into one service-page cluster.",Book a discovery call,High,Medium — validate before implementation,Cluster review + site-inventory check required,"Semantic classification from keyword wording, service cluster, buyer stage, and planned URL. Live Google/Semrush SERPs have not yet been verified for every keyword.",High,"Cloud case studies, platform expertise, migration outcomes, SLAs, and reliability evidence",Do not create a separate page for a close keyword variation unless the live SERP shows materially different intent.
S-103,cloud managed services,Global English,Cloud And DevOps,Commercial,Commercial Investigation,Service procurement,Decision,Evaluate a provider for cloud and devops.,Commercial service page,/services/cloud-managed-services,"Verify the route in the site inventory, then map this term into one service-page cluster.",Book a discovery call,High,Medium — validate before implementation,Cluster review + site-inventory check required,"Semantic classification from keyword wording, service cluster, buyer stage, and planned URL. Live Google/Semrush SERPs have not yet been verified for every keyword.",High,"Cloud case studies, platform expertise, migration outcomes, SLAs, and reliability evidence",Do not create a separate page for a close keyword variation unless the live SERP shows materially different intent.
S-104,DevOps consulting services,Global English,Cloud And DevOps,Commercial,Commercial Investigation,Consulting partner selection,Decision,Evaluate a consulting partner for cloud and devops.,Commercial service page,/services/devops,"Verify the route in the site inventory, then map this term into one service-page cluster.",Book a discovery call,High,Medium — validate before implementation,Cluster review + site-inventory check required,"Semantic classification from keyword wording, service cluster, buyer stage, and planned URL. Live Google/Semrush SERPs have not yet been verified for every keyword.",High,"Cloud case studies, platform expertise, migration outcomes, SLAs, and reliability evidence",Do not create a separate page for a close keyword variation unless the live SERP shows materially different intent.
S-105,DevOps consulting company,Global English,Cloud And DevOps,Commercial,Commercial Investigation,Vendor selection,Decision,Compare and shortlist companies that provide cloud and devops.,Commercial service page,/services/devops,"Verify the route in the site inventory, then map this term into one service-page cluster.",Book a discovery call,High,Medium — validate before implementation,Cluster review + site-inventory check required,"Semantic classification from keyword wording, service cluster, buyer stage, and planned URL. Live Google/Semrush SERPs have not yet been verified for every keyword.",High,"Cloud case studies, platform expertise, migration outcomes, SLAs, and reliability evidence",Do not create a separate page for a close keyword variation unless the live SERP shows materially different intent.
S-106,CI/CD consulting services,Global English,Cloud And DevOps,Commercial,Commercial Investigation,Consulting partner selection,Decision,Evaluate a consulting partner for cloud and devops.,Commercial service page,/services/devops,"Verify the route in the site inventory, then map this term into one service-page cluster.",Book a discovery call,High,Medium — validate before implementation,Cluster review + site-inventory check required,"Semantic classification from keyword wording, service cluster, buyer stage, and planned URL. Live Google/Semrush SERPs have not yet been verified for every keyword.",High,"Cloud case studies, platform expertise, migration outcomes, SLAs, and reliability evidence",Do not create a separate page for a close keyword variation unless the live SERP shows materially different intent.
S-107,Kubernetes consulting services,Global English,Cloud And DevOps,Commercial,Commercial Investigation,Consulting partner selection,Decision,Evaluate a consulting partner for cloud and devops.,Commercial service page,/services/devops,"Verify the route in the site inventory, then map this term into one service-page cluster.",Book a discovery call,High,Medium — validate before implementation,Cluster review + site-inventory check required,"Semantic classification from keyword wording, service cluster, buyer stage, and planned URL. Live Google/Semrush SERPs have not yet been verified for every keyword.",High,"Cloud case studies, platform expertise, migration outcomes, SLAs, and reliability evidence",Do not create a separate page for a close keyword variation unless the live SERP shows materially different intent.
S-108,data engineering services,Global English,Data Engineering And BI,Commercial,Commercial Investigation,Service procurement,Decision,Evaluate a provider for data engineering and bi.,Commercial service page,/services/data-platform-engineering,"Verify the route in the site inventory, then map this term into one service-page cluster.",Book a discovery call,High,Medium — validate before implementation,Cluster review + site-inventory check required,"Semantic classification from keyword wording, service cluster, buyer stage, and planned URL. Live Google/Semrush SERPs have not yet been verified for every keyword.",High,"Data architecture, governance, migration, dashboards, platforms, and outcomes",Do not create a separate page for a close keyword variation unless the live SERP shows materially different intent.
S-109,data engineering consulting company,Global English,Data Engineering And BI,Commercial,Commercial Investigation,Vendor selection,Decision,Compare and shortlist companies that provide data engineering and bi.,Commercial service page,/services/data-platform-engineering,"Verify the route in the site inventory, then map this term into one service-page cluster.",Book a discovery call,High,Medium — validate before implementation,Cluster review + site-inventory check required,"Semantic classification from keyword wording, service cluster, buyer stage, and planned URL. Live Google/Semrush SERPs have not yet been verified for every keyword.",High,"Data architecture, governance, migration, dashboards, platforms, and outcomes",Do not create a separate page for a close keyword variation unless the live SERP shows materially different intent.
S-110,data platform engineering services,Global English,Data Engineering And BI,Commercial,Commercial Investigation,Service procurement,Decision,Evaluate a provider for data engineering and bi.,Commercial service page,/services/data-platform-engineering,"Verify the route in the site inventory, then map this term into one service-page cluster.",Book a discovery call,High,Medium — validate before implementation,Cluster review + site-inventory check required,"Semantic classification from keyword wording, service cluster, buyer stage, and planned URL. Live Google/Semrush SERPs have not yet been verified for every keyword.",High,"Data architecture, governance, migration, dashboards, platforms, and outcomes",Do not create a separate page for a close keyword variation unless the live SERP shows materially different intent.
S-111,modern data platform consulting,Global English,Data Engineering And BI,Commercial,Commercial Investigation,Consulting partner selection,Decision,Evaluate a consulting partner for data engineering and bi.,Commercial service page,/services/data-platform-engineering,"Verify the route in the site inventory, then map this term into one service-page cluster.",Book a discovery call,High,Medium — validate before implementation,Cluster review + site-inventory check required,"Semantic classification from keyword wording, service cluster, buyer stage, and planned URL. Live Google/Semrush SERPs have not yet been verified for every keyword.",High,"Data architecture, governance, migration, dashboards, platforms, and outcomes",Do not create a separate page for a close keyword variation unless the live SERP shows materially different intent.
S-112,data pipeline development services,Global English,Data Engineering And BI,Commercial,Commercial Investigation,Service procurement,Decision,Evaluate a provider for data engineering and bi.,Commercial service page,/services/data-platform-engineering,"Verify the route in the site inventory, then map this term into one service-page cluster.",Book a discovery call,High,Medium — validate before implementation,Cluster review + site-inventory check required,"Semantic classification from keyword wording, service cluster, buyer stage, and planned URL. Live Google/Semrush SERPs have not yet been verified for every keyword.",High,"Data architecture, governance, migration, dashboards, platforms, and outcomes",Do not create a separate page for a close keyword variation unless the live SERP shows materially different intent.
S-113,data migration services,Global English,Data Engineering And BI,Commercial,Commercial Investigation,Service procurement,Decision,Evaluate a provider for data engineering and bi.,Commercial service page,/services/data-migration,"Verify the route in the site inventory, then map this term into one service-page cluster.",Book a discovery call,High,Medium — validate before implementation,Cluster review + site-inventory check required,"Semantic classification from keyword wording, service cluster, buyer stage, and planned URL. Live Google/Semrush SERPs have not yet been verified for every keyword.",High,"Data architecture, governance, migration, dashboards, platforms, and outcomes",Do not create a separate page for a close keyword variation unless the live SERP shows materially different intent.
S-114,data governance consulting,Global English,Data Engineering And BI,Commercial,Commercial Investigation,Consulting partner selection,Decision,Evaluate a consulting partner for data engineering and bi.,Commercial service page,/services/data-strategy-and-governance,"Verify the route in the site inventory, then map this term into one service-page cluster.",Book a discovery call,High,Medium — validate before implementation,Cluster review + site-inventory check required,"Semantic classification from keyword wording, service cluster, buyer stage, and planned URL. Live Google/Semrush SERPs have not yet been verified for every keyword.",High,"Data architecture, governance, migration, dashboards, platforms, and outcomes",Do not create a separate page for a close keyword variation unless the live SERP shows materially different intent.
S-115,data strategy consulting services,Global English,Data Engineering And BI,Commercial,Commercial Investigation,Consulting partner selection,Decision,Evaluate a consulting partner for data engineering and bi.,Commercial service page,/services/data-strategy-and-governance,"Verify the route in the site inventory, then map this term into one service-page cluster.",Book a discovery call,High,Medium — validate before implementation,Cluster review + site-inventory check required,"Semantic classification from keyword wording, service cluster, buyer stage, and planned URL. Live Google/Semrush SERPs have not yet been verified for every keyword.",High,"Data architecture, governance, migration, dashboards, platforms, and outcomes",Do not create a separate page for a close keyword variation unless the live SERP shows materially different intent.
S-116,business intelligence consulting services,Global English,Data Engineering And BI,Commercial,Commercial Investigation,Consulting partner selection,Decision,Evaluate a consulting partner for data engineering and bi.,Commercial service page,/services/reporting-and-business-intelligence,"Verify the route in the site inventory, then map this term into one service-page cluster.",Book a discovery call,High,Medium — validate before implementation,Cluster review + site-inventory check required,"Semantic classification from keyword wording, service cluster, buyer stage, and planned URL. Live Google/Semrush SERPs have not yet been verified for every keyword.",High,"Data architecture, governance, migration, dashboards, platforms, and outcomes",Do not create a separate page for a close keyword variation unless the live SERP shows materially different intent.
S-117,Power BI consulting company,Global English,Data Engineering And BI,Commercial,Commercial Investigation,Vendor selection,Decision,Compare and shortlist companies that provide data engineering and bi.,Commercial service page,/services/reporting-and-business-intelligence,"Verify the route in the site inventory, then map this term into one service-page cluster.",Book a discovery call,High,Medium — validate before implementation,Cluster review + site-inventory check required,"Semantic classification from keyword wording, service cluster, buyer stage, and planned URL. Live Google/Semrush SERPs have not yet been verified for every keyword.",High,"Data architecture, governance, migration, dashboards, platforms, and outcomes",Do not create a separate page for a close keyword variation unless the live SERP shows materially different intent.
S-118,QA testing services,Global English,Quality Engineering,Commercial,Commercial Investigation,Service procurement,Decision,Evaluate a provider for quality engineering.,Commercial service page,/services/quality-engineering,"Verify the route in the site inventory, then map this term into one service-page cluster.",Book a discovery call,High,Medium — validate before implementation,Cluster review + site-inventory check required,"Semantic classification from keyword wording, service cluster, buyer stage, and planned URL. Live Google/Semrush SERPs have not yet been verified for every keyword.",High,"Automation frameworks, coverage, defect metrics, CI/CD process, and case proof",Do not create a separate page for a close keyword variation unless the live SERP shows materially different intent.
S-119,software testing company,Global English,Quality Engineering,Commercial,Commercial Investigation,Vendor selection,Decision,Compare and shortlist companies that provide quality engineering.,Commercial service page,/services/quality-engineering,"Verify the route in the site inventory, then map this term into one service-page cluster.",Book a discovery call,High,Medium — validate before implementation,Cluster review + site-inventory check required,"Semantic classification from keyword wording, service cluster, buyer stage, and planned URL. Live Google/Semrush SERPs have not yet been verified for every keyword.",High,"Automation frameworks, coverage, defect metrics, CI/CD process, and case proof",Do not create a separate page for a close keyword variation unless the live SERP shows materially different intent.
S-120,quality engineering services,Global English,Quality Engineering,Commercial,Commercial Investigation,Service procurement,Decision,Evaluate a provider for quality engineering.,Commercial service page,/services/quality-engineering,"Verify the route in the site inventory, then map this term into one service-page cluster.",Book a discovery call,High,Medium — validate before implementation,Cluster review + site-inventory check required,"Semantic classification from keyword wording, service cluster, buyer stage, and planned URL. Live Google/Semrush SERPs have not yet been verified for every keyword.",High,"Automation frameworks, coverage, defect metrics, CI/CD process, and case proof",Do not create a separate page for a close keyword variation unless the live SERP shows materially different intent.
S-121,QA automation services,Global English,Quality Engineering,Commercial,Commercial Investigation,Service procurement,Decision,Evaluate a provider for quality engineering.,Commercial service page,/services/quality-engineering,"Verify the route in the site inventory, then map this term into one service-page cluster.",Book a discovery call,High,Medium — validate before implementation,Cluster review + site-inventory check required,"Semantic classification from keyword wording, service cluster, buyer stage, and planned URL. Live Google/Semrush SERPs have not yet been verified for every keyword.",High,"Automation frameworks, coverage, defect metrics, CI/CD process, and case proof",Do not create a separate page for a close keyword variation unless the live SERP shows materially different intent.
S-122,software test automation company,Global English,Quality Engineering,Commercial,Commercial Investigation,Vendor selection,Decision,Compare and shortlist companies that provide quality engineering.,Commercial service page,/services/quality-engineering,"Verify the route in the site inventory, then map this term into one service-page cluster.",Book a discovery call,High,Medium — validate before implementation,Cluster review + site-inventory check required,"Semantic classification from keyword wording, service cluster, buyer stage, and planned URL. Live Google/Semrush SERPs have not yet been verified for every keyword.",High,"Automation frameworks, coverage, defect metrics, CI/CD process, and case proof",Do not create a separate page for a close keyword variation unless the live SERP shows materially different intent.
S-123,performance testing services,Global English,Quality Engineering,Commercial,Commercial Investigation,Service procurement,Decision,Evaluate a provider for quality engineering.,Commercial service page,/services/quality-engineering,"Verify the route in the site inventory, then map this term into one service-page cluster.",Book a discovery call,High,Medium — validate before implementation,Cluster review + site-inventory check required,"Semantic classification from keyword wording, service cluster, buyer stage, and planned URL. Live Google/Semrush SERPs have not yet been verified for every keyword.",High,"Automation frameworks, coverage, defect metrics, CI/CD process, and case proof",Do not create a separate page for a close keyword variation unless the live SERP shows materially different intent.
S-124,mobile app testing services,Global English,Quality Engineering,Commercial,Commercial Investigation,Service procurement,Decision,Evaluate a provider for quality engineering.,Commercial service page,/services/quality-engineering,"Verify the route in the site inventory, then map this term into one service-page cluster.",Book a discovery call,High,Medium — validate before implementation,Cluster review + site-inventory check required,"Semantic classification from keyword wording, service cluster, buyer stage, and planned URL. Live Google/Semrush SERPs have not yet been verified for every keyword.",High,"Automation frameworks, coverage, defect metrics, CI/CD process, and case proof",Do not create a separate page for a close keyword variation unless the live SERP shows materially different intent.
S-125,web application testing services,Global English,Quality Engineering,Commercial,Commercial Investigation,Service procurement,Decision,Evaluate a provider for quality engineering.,Commercial service page,/services/quality-engineering,"Verify the route in the site inventory, then map this term into one service-page cluster.",Book a discovery call,High,Medium — validate before implementation,Cluster review + site-inventory check required,"Semantic classification from keyword wording, service cluster, buyer stage, and planned URL. Live Google/Semrush SERPs have not yet been verified for every keyword.",High,"Automation frameworks, coverage, defect metrics, CI/CD process, and case proof",Do not create a separate page for a close keyword variation unless the live SERP shows materially different intent.
S-126,UI UX design services,Global English,UI UX And Experience Design,Commercial,Commercial Investigation,Service procurement,Decision,Evaluate a provider for ui ux and experience design.,Commercial service page,/services/ui-ux-design,"Verify the route in the site inventory, then map this term into one service-page cluster.",Book a discovery call,High,Medium — validate before implementation,Cluster review + site-inventory check required,"Semantic classification from keyword wording, service cluster, buyer stage, and planned URL. Live Google/Semrush SERPs have not yet been verified for every keyword.",Medium,"Portfolio, research process, usability testing, and design-system examples",Do not create a separate page for a close keyword variation unless the live SERP shows materially different intent.
S-127,UI UX design agency,Global English,UI UX And Experience Design,Commercial,Commercial Investigation,Vendor selection,Decision,Compare and shortlist companies that provide ui ux and experience design.,Commercial service page,/services/ui-ux-design,"Verify the route in the site inventory, then map this term into one service-page cluster.",Book a discovery call,High,Medium — validate before implementation,Cluster review + site-inventory check required,"Semantic classification from keyword wording, service cluster, buyer stage, and planned URL. Live Google/Semrush SERPs have not yet been verified for every keyword.",Medium,"Portfolio, research process, usability testing, and design-system examples",Do not create a separate page for a close keyword variation unless the live SERP shows materially different intent.
S-128,product design company,Global English,UI UX And Experience Design,Commercial,Commercial Investigation,Vendor selection,Decision,Compare and shortlist companies that provide ui ux and experience design.,Commercial service page,/services/ui-ux-design,"Verify the route in the site inventory, then map this term into one service-page cluster.",Book a discovery call,High,Medium — validate before implementation,Cluster review + site-inventory check required,"Semantic classification from keyword wording, service cluster, buyer stage, and planned URL. Live Google/Semrush SERPs have not yet been verified for every keyword.",Medium,"Portfolio, research process, usability testing, and design-system examples",Do not create a separate page for a close keyword variation unless the live SERP shows materially different intent.
S-129,UX research services,Global English,UI UX And Experience Design,Commercial,Commercial Investigation,Service procurement,Decision,Evaluate a provider for ui ux and experience design.,Commercial service page,/services/ui-ux-design,"Verify the route in the site inventory, then map this term into one service-page cluster.",Book a discovery call,High,Medium — validate before implementation,Cluster review + site-inventory check required,"Semantic classification from keyword wording, service cluster, buyer stage, and planned URL. Live Google/Semrush SERPs have not yet been verified for every keyword.",Medium,"Portfolio, research process, usability testing, and design-system examples",Do not create a separate page for a close keyword variation unless the live SERP shows materially different intent.
S-130,design system services,Global English,UI UX And Experience Design,Commercial,Commercial Investigation,Service procurement,Decision,Evaluate a provider for ui ux and experience design.,Commercial service page,/services/ui-ux-design,"Verify the route in the site inventory, then map this term into one service-page cluster.",Book a discovery call,High,Medium — validate before implementation,Cluster review + site-inventory check required,"Semantic classification from keyword wording, service cluster, buyer stage, and planned URL. Live Google/Semrush SERPs have not yet been verified for every keyword.",Medium,"Portfolio, research process, usability testing, and design-system examples",Do not create a separate page for a close keyword variation unless the live SERP shows materially different intent.
S-131,experience design services,Global English,UI UX And Experience Design,Commercial,Commercial Investigation,Service procurement,Decision,Evaluate a provider for ui ux and experience design.,Commercial service page,/services/experience-design,"Verify the route in the site inventory, then map this term into one service-page cluster.",Book a discovery call,High,Medium — validate before implementation,Cluster review + site-inventory check required,"Semantic classification from keyword wording, service cluster, buyer stage, and planned URL. Live Google/Semrush SERPs have not yet been verified for every keyword.",Medium,"Portfolio, research process, usability testing, and design-system examples",Do not create a separate page for a close keyword variation unless the live SERP shows materially different intent.
S-132,customer experience design company,Global English,UI UX And Experience Design,Commercial,Commercial Investigation,Vendor selection,Decision,Compare and shortlist companies that provide ui ux and experience design.,Commercial service page,/services/experience-design,"Verify the route in the site inventory, then map this term into one service-page cluster.",Book a discovery call,High,Medium — validate before implementation,Cluster review + site-inventory check required,"Semantic classification from keyword wording, service cluster, buyer stage, and planned URL. Live Google/Semrush SERPs have not yet been verified for every keyword.",Medium,"Portfolio, research process, usability testing, and design-system examples",Do not create a separate page for a close keyword variation unless the live SERP shows materially different intent.
S-133,application modernization services,Global English,Application Modernization,Commercial,Commercial Investigation,Service procurement,Decision,Evaluate a provider for application modernization.,Commercial service page,/services/application-modernization,"Verify the route in the site inventory, then map this term into one service-page cluster.",Book a discovery call,High,Medium — validate before implementation,Cluster review + site-inventory check required,"Semantic classification from keyword wording, service cluster, buyer stage, and planned URL. Live Google/Semrush SERPs have not yet been verified for every keyword.",High,"Modernization assessments, migration examples, risk controls, and measurable outcomes",Do not create a separate page for a close keyword variation unless the live SERP shows materially different intent.
S-134,legacy application modernization company,Global English,Application Modernization,Commercial,Commercial Investigation,Vendor selection,Decision,Compare and shortlist companies that provide application modernization.,Commercial service page,/services/application-modernization,"Verify the route in the site inventory, then map this term into one service-page cluster.",Book a discovery call,High,Medium — validate before implementation,Cluster review + site-inventory check required,"Semantic classification from keyword wording, service cluster, buyer stage, and planned URL. Live Google/Semrush SERPs have not yet been verified for every keyword.",High,"Modernization assessments, migration examples, risk controls, and measurable outcomes",Do not create a separate page for a close keyword variation unless the live SERP shows materially different intent.
S-135,legacy software modernization services,Global English,Application Modernization,Commercial,Commercial Investigation,Service procurement,Decision,Evaluate a provider for application modernization.,Commercial service page,/services/application-modernization,"Verify the route in the site inventory, then map this term into one service-page cluster.",Book a discovery call,High,Medium — validate before implementation,Cluster review + site-inventory check required,"Semantic classification from keyword wording, service cluster, buyer stage, and planned URL. Live Google/Semrush SERPs have not yet been verified for every keyword.",High,"Modernization assessments, migration examples, risk controls, and measurable outcomes",Do not create a separate page for a close keyword variation unless the live SERP shows materially different intent.
S-136,cloud application modernization services,Global English,Application Modernization,Commercial,Commercial Investigation,Service procurement,Decision,Evaluate a provider for application modernization.,Commercial service page,/services/application-modernization,"Verify the route in the site inventory, then map this term into one service-page cluster.",Book a discovery call,High,Medium — validate before implementation,Cluster review + site-inventory check required,"Semantic classification from keyword wording, service cluster, buyer stage, and planned URL. Live Google/Semrush SERPs have not yet been verified for every keyword.",High,"Modernization assessments, migration examples, risk controls, and measurable outcomes",Do not create a separate page for a close keyword variation unless the live SERP shows materially different intent.
S-137,enterprise application modernization,Global English,Application Modernization,Commercial,Commercial Investigation,Service procurement,Decision,Evaluate a provider for application modernization.,Commercial service page,/services/application-modernization,"Verify the route in the site inventory, then map this term into one service-page cluster.",Book a discovery call,High,Medium — validate before implementation,Cluster review + site-inventory check required,"Semantic classification from keyword wording, service cluster, buyer stage, and planned URL. Live Google/Semrush SERPs have not yet been verified for every keyword.",High,"Modernization assessments, migration examples, risk controls, and measurable outcomes",Do not create a separate page for a close keyword variation unless the live SERP shows materially different intent.
S-138,application reengineering services,Global English,Application Modernization,Commercial,Commercial Investigation,Service procurement,Decision,Evaluate a provider for application modernization.,Commercial service page,/services/application-modernization,"Verify the route in the site inventory, then map this term into one service-page cluster.",Book a discovery call,High,Medium — validate before implementation,Cluster review + site-inventory check required,"Semantic classification from keyword wording, service cluster, buyer stage, and planned URL. Live Google/Semrush SERPs have not yet been verified for every keyword.",High,"Modernization assessments, migration examples, risk controls, and measurable outcomes",Do not create a separate page for a close keyword variation unless the live SERP shows materially different intent.
S-139,IoT development company,Global English,IoT Embedded And Semiconductor,Commercial,Commercial Investigation,Vendor selection,Decision,Compare and shortlist companies that provide iot embedded and semiconductor.,Commercial service page,/services/iot-wearable-solutions,"Verify the route in the site inventory, then map this term into one service-page cluster.",Book a discovery call,High,Medium — validate before implementation,Cluster review + site-inventory check required,"Semantic classification from keyword wording, service cluster, buyer stage, and planned URL. Live Google/Semrush SERPs have not yet been verified for every keyword.",Medium,"Hardware and software examples, testing facilities, reliability methods, and client permission",Do not create a separate page for a close keyword variation unless the live SERP shows materially different intent.
S-140,IoT application development services,Global English,IoT Embedded And Semiconductor,Commercial,Commercial Investigation,Service procurement,Decision,Evaluate a provider for iot embedded and semiconductor.,Commercial service page,/services/iot-wearable-solutions,"Verify the route in the site inventory, then map this term into one service-page cluster.",Book a discovery call,High,Medium — validate before implementation,Cluster review + site-inventory check required,"Semantic classification from keyword wording, service cluster, buyer stage, and planned URL. Live Google/Semrush SERPs have not yet been verified for every keyword.",Medium,"Hardware and software examples, testing facilities, reliability methods, and client permission",Do not create a separate page for a close keyword variation unless the live SERP shows materially different intent.
S-141,wearable app development company,Global English,IoT Embedded And Semiconductor,Commercial,Commercial Investigation,Vendor selection,Decision,Compare and shortlist companies that provide iot embedded and semiconductor.,Commercial service page,/services/iot-wearable-solutions,"Verify the route in the site inventory, then map this term into one service-page cluster.",Book a discovery call,High,Medium — validate before implementation,Cluster review + site-inventory check required,"Semantic classification from keyword wording, service cluster, buyer stage, and planned URL. Live Google/Semrush SERPs have not yet been verified for every keyword.",Medium,"Hardware and software examples, testing facilities, reliability methods, and client permission",Do not create a separate page for a close keyword variation unless the live SERP shows materially different intent.
S-142,industrial IoT development company,Global English,IoT Embedded And Semiconductor,Commercial,Commercial Investigation,Vendor selection,Decision,Compare and shortlist companies that provide iot embedded and semiconductor.,Commercial service page,/services/iot-wearable-solutions,"Verify the route in the site inventory, then map this term into one service-page cluster.",Book a discovery call,High,Medium — validate before implementation,Cluster review + site-inventory check required,"Semantic classification from keyword wording, service cluster, buyer stage, and planned URL. Live Google/Semrush SERPs have not yet been verified for every keyword.",Medium,"Hardware and software examples, testing facilities, reliability methods, and client permission",Do not create a separate page for a close keyword variation unless the live SERP shows materially different intent.
S-143,embedded software development company,Global English,IoT Embedded And Semiconductor,Commercial,Commercial Investigation,Vendor selection,Decision,Compare and shortlist companies that provide iot embedded and semiconductor.,Commercial service page,/services/embedded-systems,"Verify the route in the site inventory, then map this term into one service-page cluster.",Book a discovery call,High,Medium — validate before implementation,Cluster review + site-inventory check required,"Semantic classification from keyword wording, service cluster, buyer stage, and planned URL. Live Google/Semrush SERPs have not yet been verified for every keyword.",Medium,"Hardware and software examples, testing facilities, reliability methods, and client permission",Do not create a separate page for a close keyword variation unless the live SERP shows materially different intent.
S-144,embedded systems development services,Global English,IoT Embedded And Semiconductor,Commercial,Commercial Investigation,Service procurement,Decision,Evaluate a provider for iot embedded and semiconductor.,Commercial service page,/services/embedded-systems,"Verify the route in the site inventory, then map this term into one service-page cluster.",Book a discovery call,High,Medium — validate before implementation,Cluster review + site-inventory check required,"Semantic classification from keyword wording, service cluster, buyer stage, and planned URL. Live Google/Semrush SERPs have not yet been verified for every keyword.",Medium,"Hardware and software examples, testing facilities, reliability methods, and client permission",Do not create a separate page for a close keyword variation unless the live SERP shows materially different intent.
S-145,firmware development company,Global English,IoT Embedded And Semiconductor,Commercial,Commercial Investigation,Vendor selection,Decision,Compare and shortlist companies that provide iot embedded and semiconductor.,Commercial service page,/services/embedded-systems,"Verify the route in the site inventory, then map this term into one service-page cluster.",Book a discovery call,High,Medium — validate before implementation,Cluster review + site-inventory check required,"Semantic classification from keyword wording, service cluster, buyer stage, and planned URL. Live Google/Semrush SERPs have not yet been verified for every keyword.",Medium,"Hardware and software examples, testing facilities, reliability methods, and client permission",Do not create a separate page for a close keyword variation unless the live SERP shows materially different intent.
S-146,embedded Linux development services,Global English,IoT Embedded And Semiconductor,Commercial,Commercial Investigation,Service procurement,Decision,Evaluate a provider for iot embedded and semiconductor.,Commercial service page,/services/embedded-systems,"Verify the route in the site inventory, then map this term into one service-page cluster.",Book a discovery call,High,Medium — validate before implementation,Cluster review + site-inventory check required,"Semantic classification from keyword wording, service cluster, buyer stage, and planned URL. Live Google/Semrush SERPs have not yet been verified for every keyword.",Medium,"Hardware and software examples, testing facilities, reliability methods, and client permission",Do not create a separate page for a close keyword variation unless the live SERP shows materially different intent.
S-147,semiconductor testing services,Global English,IoT Embedded And Semiconductor,Commercial,Commercial Investigation,Service procurement,Decision,Evaluate a provider for iot embedded and semiconductor.,Commercial service page,/services/semiconductor-testing,"Verify the route in the site inventory, then map this term into one service-page cluster.",Book a discovery call,High,Medium — validate before implementation,Cluster review + site-inventory check required,"Semantic classification from keyword wording, service cluster, buyer stage, and planned URL. Live Google/Semrush SERPs have not yet been verified for every keyword.",Medium,"Hardware and software examples, testing facilities, reliability methods, and client permission",Do not create a separate page for a close keyword variation unless the live SERP shows materially different intent.
S-148,semiconductor test engineering services,Global English,IoT Embedded And Semiconductor,Commercial,Commercial Investigation,Service procurement,Decision,Evaluate a provider for iot embedded and semiconductor.,Commercial service page,/services/semiconductor-testing,"Verify the route in the site inventory, then map this term into one service-page cluster.",Book a discovery call,High,Medium — validate before implementation,Cluster review + site-inventory check required,"Semantic classification from keyword wording, service cluster, buyer stage, and planned URL. Live Google/Semrush SERPs have not yet been verified for every keyword.",Medium,"Hardware and software examples, testing facilities, reliability methods, and client permission",Do not create a separate page for a close keyword variation unless the live SERP shows materially different intent.
S-149,chip validation services,Global English,IoT Embedded And Semiconductor,Commercial,Commercial Investigation,Service procurement,Decision,Evaluate a provider for iot embedded and semiconductor.,Commercial service page,/services/semiconductor-testing,"Verify the route in the site inventory, then map this term into one service-page cluster.",Book a discovery call,High,Medium — validate before implementation,Cluster review + site-inventory check required,"Semantic classification from keyword wording, service cluster, buyer stage, and planned URL. Live Google/Semrush SERPs have not yet been verified for every keyword.",Medium,"Hardware and software examples, testing facilities, reliability methods, and client permission",Do not create a separate page for a close keyword variation unless the live SERP shows materially different intent.
S-150,physical AI development,Global English,IoT Embedded And Semiconductor,Commercial,Mixed / Ambiguous,Emerging topic or commercial capability search,Unclear,Intent cannot be determined reliably from wording alone.,Determine after live SERP review,/services/physical-ai,Do not map or implement until the dominant ranking page type and buyer need are confirmed.,Determine after intent validation,Low,High — resolve mixed intent,Hold — intent unresolved,"Semantic classification from keyword wording, service cluster, buyer stage, and planned URL. Live Google/Semrush SERPs have not yet been verified for every keyword.",Medium,"Hardware and software examples, testing facilities, reliability methods, and client permission","Inspect the first 10 organic results in each priority country and record whether they are service, educational, job, course, directory, or product pages."
S-151,marketing automation services,Global English,Specialist Services,Commercial,Commercial Investigation,Service procurement,Decision,Evaluate a provider for specialist services.,Commercial service page,/services/marketing-automation,"Verify the route in the site inventory, then map this term into one service-page cluster.",Book a discovery call,High,Medium — validate before implementation,Cluster review + site-inventory check required,"Semantic classification from keyword wording, service cluster, buyer stage, and planned URL. Live Google/Semrush SERPs have not yet been verified for every keyword.",Medium,"Clear service definition, platform examples, audience, and delivery evidence",Do not create a separate page for a close keyword variation unless the live SERP shows materially different intent.
S-152,marketing automation consulting company,Global English,Specialist Services,Commercial,Commercial Investigation,Vendor selection,Decision,Compare and shortlist companies that provide specialist services.,Commercial service page,/services/marketing-automation,"Verify the route in the site inventory, then map this term into one service-page cluster.",Book a discovery call,High,Medium — validate before implementation,Cluster review + site-inventory check required,"Semantic classification from keyword wording, service cluster, buyer stage, and planned URL. Live Google/Semrush SERPs have not yet been verified for every keyword.",Medium,"Clear service definition, platform examples, audience, and delivery evidence",Do not create a separate page for a close keyword variation unless the live SERP shows materially different intent.
S-153,HubSpot automation services,Global English,Specialist Services,Commercial,Commercial Investigation,Service procurement,Decision,Evaluate a provider for specialist services.,Commercial service page,/services/marketing-automation,"Verify the route in the site inventory, then map this term into one service-page cluster.",Book a discovery call,High,Medium — validate before implementation,Cluster review + site-inventory check required,"Semantic classification from keyword wording, service cluster, buyer stage, and planned URL. Live Google/Semrush SERPs have not yet been verified for every keyword.",Medium,"Clear service definition, platform examples, audience, and delivery evidence",Do not create a separate page for a close keyword variation unless the live SERP shows materially different intent.
S-154,plugin development services,Global English,Specialist Services,Commercial,Commercial Investigation,Service procurement,Decision,Evaluate a provider for specialist services.,Commercial service page,/services/plugin-development,"Verify the route in the site inventory, then map this term into one service-page cluster.",Book a discovery call,High,Medium — validate before implementation,Cluster review + site-inventory check required,"Semantic classification from keyword wording, service cluster, buyer stage, and planned URL. Live Google/Semrush SERPs have not yet been verified for every keyword.",Medium,"Clear service definition, platform examples, audience, and delivery evidence",Do not create a separate page for a close keyword variation unless the live SERP shows materially different intent.
S-155,custom WordPress plugin development,Global English,Specialist Services,Commercial,Commercial Investigation,Service procurement,Decision,Evaluate a provider for specialist services.,Commercial service page,/services/plugin-development,"Verify the route in the site inventory, then map this term into one service-page cluster.",Book a discovery call,High,Medium — validate before implementation,Cluster review + site-inventory check required,"Semantic classification from keyword wording, service cluster, buyer stage, and planned URL. Live Google/Semrush SERPs have not yet been verified for every keyword.",Medium,"Clear service definition, platform examples, audience, and delivery evidence",Do not create a separate page for a close keyword variation unless the live SERP shows materially different intent.
S-156,product management consulting,Global English,Specialist Services,Commercial,Commercial Investigation,Consulting partner selection,Decision,Evaluate a consulting partner for specialist services.,Commercial service page,/services/product-management,"Verify the route in the site inventory, then map this term into one service-page cluster.",Book a discovery call,High,Medium — validate before implementation,Cluster review + site-inventory check required,"Semantic classification from keyword wording, service cluster, buyer stage, and planned URL. Live Google/Semrush SERPs have not yet been verified for every keyword.",Medium,"Clear service definition, platform examples, audience, and delivery evidence",Do not create a separate page for a close keyword variation unless the live SERP shows materially different intent.
S-157,software product management services,Global English,Specialist Services,Commercial,Commercial Investigation,Service procurement,Decision,Evaluate a provider for specialist services.,Commercial service page,/services/product-management,"Verify the route in the site inventory, then map this term into one service-page cluster.",Book a discovery call,High,Medium — validate before implementation,Cluster review + site-inventory check required,"Semantic classification from keyword wording, service cluster, buyer stage, and planned URL. Live Google/Semrush SERPs have not yet been verified for every keyword.",Medium,"Clear service definition, platform examples, audience, and delivery evidence",Do not create a separate page for a close keyword variation unless the live SERP shows materially different intent.
S-158,software engineering training,Global English,Specialist Services,Commercial,Mixed / Ambiguous,Training service or educational-course search,Unclear,Intent cannot be determined reliably from wording alone.,Determine after live SERP review,/services/skill-development,Do not map or implement until the dominant ranking page type and buyer need are confirmed.,Determine after intent validation,Low,High — resolve mixed intent,Hold — intent unresolved,"Semantic classification from keyword wording, service cluster, buyer stage, and planned URL. Live Google/Semrush SERPs have not yet been verified for every keyword.",Low,"Clear service definition, platform examples, audience, and delivery evidence","Inspect the first 10 organic results in each priority country and record whether they are service, educational, job, course, directory, or product pages."
S-159,healthcare software development company,Global English,Industry Software Development,Commercial,Commercial Investigation,Industry-specialist vendor selection,Decision,Find a software partner with credible healthcare domain experience.,Industry landing page,Proposed industry page after proof validation,"Create or map an industry page only after relevant case studies, subject expertise, and market demand are verified.",Book a discovery call,High,High — validate industry-specific intent and proof,Hold — industry proof + site-inventory check required,"Semantic classification from keyword wording, service cluster, buyer stage, and planned URL. Live Google/Semrush SERPs have not yet been verified for every keyword.",High,At least one approved industry-relevant case study and domain expertise,Do not create a separate page for a close keyword variation unless the live SERP shows materially different intent.
S-160,FinTech software development company,Global English,Industry Software Development,Commercial,Commercial Investigation,Industry-specialist vendor selection,Decision,Find a software partner with credible FinTech domain experience.,Industry landing page,Proposed industry page after proof validation,"Create or map an industry page only after relevant case studies, subject expertise, and market demand are verified.",Book a discovery call,High,High — validate industry-specific intent and proof,Hold — industry proof + site-inventory check required,"Semantic classification from keyword wording, service cluster, buyer stage, and planned URL. Live Google/Semrush SERPs have not yet been verified for every keyword.",High,At least one approved industry-relevant case study and domain expertise,Do not create a separate page for a close keyword variation unless the live SERP shows materially different intent.
S-161,eCommerce software development company,Global English,Industry Software Development,Commercial,Commercial Investigation,Industry-specialist vendor selection,Decision,Find a software partner with credible eCommerce domain experience.,Industry landing page,Proposed industry page after proof validation,"Create or map an industry page only after relevant case studies, subject expertise, and market demand are verified.",Book a discovery call,High,High — validate industry-specific intent and proof,Hold — industry proof + site-inventory check required,"Semantic classification from keyword wording, service cluster, buyer stage, and planned URL. Live Google/Semrush SERPs have not yet been verified for every keyword.",Medium,At least one approved industry-relevant case study and domain expertise,Do not create a separate page for a close keyword variation unless the live SERP shows materially different intent.
S-162,logistics software development company,Global English,Industry Software Development,Commercial,Commercial Investigation,Industry-specialist vendor selection,Decision,Find a software partner with credible logistics domain experience.,Industry landing page,Proposed industry page after proof validation,"Create or map an industry page only after relevant case studies, subject expertise, and market demand are verified.",Book a discovery call,High,High — validate industry-specific intent and proof,Hold — industry proof + site-inventory check required,"Semantic classification from keyword wording, service cluster, buyer stage, and planned URL. Live Google/Semrush SERPs have not yet been verified for every keyword.",Medium,At least one approved industry-relevant case study and domain expertise,Do not create a separate page for a close keyword variation unless the live SERP shows materially different intent.
S-163,SaaS software development company,Global English,Industry Software Development,Commercial,Commercial Investigation,Industry-specialist vendor selection,Decision,Find a software partner with credible SaaS domain experience.,Industry landing page,Proposed industry page after proof validation,"Create or map an industry page only after relevant case studies, subject expertise, and market demand are verified.",Book a discovery call,High,High — validate industry-specific intent and proof,Hold — industry proof + site-inventory check required,"Semantic classification from keyword wording, service cluster, buyer stage, and planned URL. Live Google/Semrush SERPs have not yet been verified for every keyword.",Medium,At least one approved industry-relevant case study and domain expertise,Do not create a separate page for a close keyword variation unless the live SERP shows materially different intent.
S-164,manufacturing software development company,Global English,Industry Software Development,Commercial,Commercial Investigation,Industry-specialist vendor selection,Decision,Find a software partner with credible manufacturing domain experience.,Industry landing page,Proposed industry page after proof validation,"Create or map an industry page only after relevant case studies, subject expertise, and market demand are verified.",Book a discovery call,High,High — validate industry-specific intent and proof,Hold — industry proof + site-inventory check required,"Semantic classification from keyword wording, service cluster, buyer stage, and planned URL. Live Google/Semrush SERPs have not yet been verified for every keyword.",Medium,At least one approved industry-relevant case study and domain expertise,Do not create a separate page for a close keyword variation unless the live SERP shows materially different intent.
S-165,EdTech software development company,Global English,Industry Software Development,Commercial,Commercial Investigation,Industry-specialist vendor selection,Decision,Find a software partner with credible EdTech domain experience.,Industry landing page,Proposed industry page after proof validation,"Create or map an industry page only after relevant case studies, subject expertise, and market demand are verified.",Book a discovery call,High,High — validate industry-specific intent and proof,Hold — industry proof + site-inventory check required,"Semantic classification from keyword wording, service cluster, buyer stage, and planned URL. Live Google/Semrush SERPs have not yet been verified for every keyword.",Medium,At least one approved industry-relevant case study and domain expertise,Do not create a separate page for a close keyword variation unless the live SERP shows materially different intent.
S-166,real estate software development company,Global English,Industry Software Development,Commercial,Commercial Investigation,Industry-specialist vendor selection,Decision,Find a software partner with credible real estate domain experience.,Industry landing page,Proposed industry page after proof validation,"Create or map an industry page only after relevant case studies, subject expertise, and market demand are verified.",Book a discovery call,High,High — validate industry-specific intent and proof,Hold — industry proof + site-inventory check required,"Semantic classification from keyword wording, service cluster, buyer stage, and planned URL. Live Google/Semrush SERPs have not yet been verified for every keyword.",Medium,At least one approved industry-relevant case study and domain expertise,Do not create a separate page for a close keyword variation unless the live SERP shows materially different intent.
S-167,automotive software development company,Global English,Industry Software Development,Commercial,Commercial Investigation,Industry-specialist vendor selection,Decision,Find a software partner with credible automotive domain experience.,Industry landing page,Proposed industry page after proof validation,"Create or map an industry page only after relevant case studies, subject expertise, and market demand are verified.",Book a discovery call,High,High — validate industry-specific intent and proof,Hold — industry proof + site-inventory check required,"Semantic classification from keyword wording, service cluster, buyer stage, and planned URL. Live Google/Semrush SERPs have not yet been verified for every keyword.",Medium,At least one approved industry-relevant case study and domain expertise,Do not create a separate page for a close keyword variation unless the live SERP shows materially different intent.
S-168,enterprise software development for startups,Global English,Industry Software Development,Commercial,Commercial Investigation,Industry-specialist vendor selection,Decision,Find a software partner with credible enterprise domain experience.,Industry landing page,Proposed industry page after proof validation,"Create or map an industry page only after relevant case studies, subject expertise, and market demand are verified.",Book a discovery call,High,High — validate industry-specific intent and proof,Hold — industry proof + site-inventory check required,"Semantic classification from keyword wording, service cluster, buyer stage, and planned URL. Live Google/Semrush SERPs have not yet been verified for every keyword.",Medium,At least one approved industry-relevant case study and domain expertise,Do not create a separate page for a close keyword variation unless the live SERP shows materially different intent.
S-169,how to choose a custom software development company,Global English,Buyer Guides,Informational,Commercial Investigation,Vendor or talent selection guide,Consideration,Learn evaluation criteria before shortlisting a company or development team.,Buyer guide,/insights/how-to-choose-a-custom-software-development-company,Proposed supporting article; validate the SERP and complete a content brief before publishing.,View capabilities or discuss staffing needs,High,Medium — confirm article format and competing page types,SERP validation + content brief required,"Semantic classification from keyword wording, service cluster, buyer stage, and planned URL. Live Google/Semrush SERPs have not yet been verified for every keyword.",Medium,"Expert review, real process, pricing inputs, and commercial-page internal links",Do not create a separate page for a close keyword variation unless the live SERP shows materially different intent.
S-170,custom software development cost,Global English,Buyer Guides,Commercial investigation,Commercial Investigation,Cost and pricing research,Consideration,"Understand likely cost drivers, pricing models, and budget expectations before contacting vendors.",Cost guide,/insights/custom-software-development-cost,Proposed supporting article; validate the SERP and complete a content brief before publishing.,Request a project estimate,High,Medium — confirm article format and competing page types,SERP validation + content brief required,"Semantic classification from keyword wording, service cluster, buyer stage, and planned URL. Live Google/Semrush SERPs have not yet been verified for every keyword.",Medium,"Expert review, real process, pricing inputs, and commercial-page internal links",Do not create a separate page for a close keyword variation unless the live SERP shows materially different intent.
S-171,custom software development process,Global English,Buyer Guides,Informational,Informational,Process education,Awareness / Consideration,Learn how to plan or evaluate the topic before choosing an implementation partner.,Educational article / buyer guide,/insights/custom-software-development-process,Proposed supporting article; validate the SERP and complete a content brief before publishing.,Use an educational CTA with a secondary project-consultation CTA,High,Medium — confirm article format and competing page types,SERP validation + content brief required,"Semantic classification from keyword wording, service cluster, buyer stage, and planned URL. Live Google/Semrush SERPs have not yet been verified for every keyword.",Medium,"Expert review, real process, pricing inputs, and commercial-page internal links",Do not create a separate page for a close keyword variation unless the live SERP shows materially different intent.
S-172,how long does custom software development take,Global English,Buyer Guides,Informational,Informational,Timeline education,Awareness / Consideration,Learn how to plan or evaluate the topic before choosing an implementation partner.,Educational article / buyer guide,/insights/custom-software-development-timeline,Proposed supporting article; validate the SERP and complete a content brief before publishing.,Use an educational CTA with a secondary project-consultation CTA,High,Medium — confirm article format and competing page types,SERP validation + content brief required,"Semantic classification from keyword wording, service cluster, buyer stage, and planned URL. Live Google/Semrush SERPs have not yet been verified for every keyword.",Medium,"Expert review, real process, pricing inputs, and commercial-page internal links",Do not create a separate page for a close keyword variation unless the live SERP shows materially different intent.
S-173,dedicated development team vs staff augmentation,Global English,Buyer Guides,Commercial investigation,Commercial Investigation,Engagement-model comparison,Consideration,Compare delivery models before selecting an engagement approach.,Comparison guide,/insights/dedicated-team-vs-staff-augmentation,Proposed supporting article; validate the SERP and complete a content brief before publishing.,"Compare models, then book a consultation",High,Medium — confirm article format and competing page types,SERP validation + content brief required,"Semantic classification from keyword wording, service cluster, buyer stage, and planned URL. Live Google/Semrush SERPs have not yet been verified for every keyword.",Medium,"Expert review, real process, pricing inputs, and commercial-page internal links",Do not create a separate page for a close keyword variation unless the live SERP shows materially different intent.
S-174,offshore software development cost,Global English,Buyer Guides,Commercial investigation,Commercial Investigation,Cost and pricing research,Consideration,"Understand likely cost drivers, pricing models, and budget expectations before contacting vendors.",Cost guide,/insights/offshore-software-development-cost,Proposed supporting article; validate the SERP and complete a content brief before publishing.,Request a project estimate,High,Medium — confirm article format and competing page types,SERP validation + content brief required,"Semantic classification from keyword wording, service cluster, buyer stage, and planned URL. Live Google/Semrush SERPs have not yet been verified for every keyword.",Medium,"Expert review, real process, pricing inputs, and commercial-page internal links",Do not create a separate page for a close keyword variation unless the live SERP shows materially different intent.
S-175,how to hire dedicated developers,Global English,Buyer Guides,Informational,Commercial Investigation,Vendor or talent selection guide,Consideration,Learn evaluation criteria before shortlisting a company or development team.,Buyer guide,/insights/how-to-hire-dedicated-developers,Proposed supporting article; validate the SERP and complete a content brief before publishing.,View capabilities or discuss staffing needs,High,Medium — confirm article format and competing page types,SERP validation + content brief required,"Semantic classification from keyword wording, service cluster, buyer stage, and planned URL. Live Google/Semrush SERPs have not yet been verified for every keyword.",Medium,"Expert review, real process, pricing inputs, and commercial-page internal links",Do not create a separate page for a close keyword variation unless the live SERP shows materially different intent.
S-176,cloud migration checklist,Global English,Buyer Guides,Informational,Informational,Implementation checklist,Awareness / Consideration,Learn how to plan or evaluate the topic before choosing an implementation partner.,Educational article / buyer guide,/insights/cloud-migration-checklist,Proposed supporting article; validate the SERP and complete a content brief before publishing.,Use an educational CTA with a secondary project-consultation CTA,High,Medium — confirm article format and competing page types,SERP validation + content brief required,"Semantic classification from keyword wording, service cluster, buyer stage, and planned URL. Live Google/Semrush SERPs have not yet been verified for every keyword.",Medium,"Expert review, real process, pricing inputs, and commercial-page internal links",Do not create a separate page for a close keyword variation unless the live SERP shows materially different intent.
S-177,application modernization strategy,Global English,Buyer Guides,Informational,Informational,Strategy and planning education,Awareness / Consideration,Learn how to plan or evaluate the topic before choosing an implementation partner.,Educational article / buyer guide,/insights/application-modernization-strategy,Proposed supporting article; validate the SERP and complete a content brief before publishing.,Use an educational CTA with a secondary project-consultation CTA,High,Medium — confirm article format and competing page types,SERP validation + content brief required,"Semantic classification from keyword wording, service cluster, buyer stage, and planned URL. Live Google/Semrush SERPs have not yet been verified for every keyword.",Medium,"Expert review, real process, pricing inputs, and commercial-page internal links",Do not create a separate page for a close keyword variation unless the live SERP shows materially different intent.
S-178,QA automation strategy,Global English,Buyer Guides,Informational,Informational,Strategy and planning education,Awareness / Consideration,Learn how to plan or evaluate the topic before choosing an implementation partner.,Educational article / buyer guide,/insights/qa-automation-strategy,Proposed supporting article; validate the SERP and complete a content brief before publishing.,Use an educational CTA with a secondary project-consultation CTA,High,Medium — confirm article format and competing page types,SERP validation + content brief required,"Semantic classification from keyword wording, service cluster, buyer stage, and planned URL. Live Google/Semrush SERPs have not yet been verified for every keyword.",Medium,"Expert review, real process, pricing inputs, and commercial-page internal links",Do not create a separate page for a close keyword variation unless the live SERP shows materially different intent.
S-179,how to build an MVP,Global English,Buyer Guides,Informational,Informational,How-to education,Awareness / Consideration,Learn how to plan or evaluate the topic before choosing an implementation partner.,Educational article / buyer guide,/insights/how-to-build-an-mvp,Proposed supporting article; validate the SERP and complete a content brief before publishing.,Use an educational CTA with a secondary project-consultation CTA,High,Medium — confirm article format and competing page types,SERP validation + content brief required,"Semantic classification from keyword wording, service cluster, buyer stage, and planned URL. Live Google/Semrush SERPs have not yet been verified for every keyword.",Medium,"Expert review, real process, pricing inputs, and commercial-page internal links",Do not create a separate page for a close keyword variation unless the live SERP shows materially different intent.
S-180,AI implementation guide for business,Global English,Buyer Guides,Informational,Informational,Strategy and planning education,Awareness / Consideration,Learn how to plan or evaluate the topic before choosing an implementation partner.,Educational article / buyer guide,/insights/ai-implementation-guide-for-business,Proposed supporting article; validate the SERP and complete a content brief before publishing.,Use an educational CTA with a secondary project-consultation CTA,High,Medium — confirm article format and competing page types,SERP validation + content brief required,"Semantic classification from keyword wording, service cluster, buyer stage, and planned URL. Live Google/Semrush SERPs have not yet been verified for every keyword.",Medium,"Expert review, real process, pricing inputs, and commercial-page internal links",Do not create a separate page for a close keyword variation unless the live SERP shows materially different intent.
S-181,custom software development company USA,United States,Regional Commercial Variations,Commercial,Commercial Investigation,Regional vendor selection,Decision,Find a provider that can serve buyers in United States.,Core service page with regional relevance; dedicated regional page only if justified,/solutions/custom-software-solutions,"Keep as a secondary market modifier. Do not create a country or city page until demand, differentiation, and business proof are validated.","Discuss timezone, communication, and regional delivery requirements",High,High — validate country SERP and local intent,Hold — regional proof and country-level SERP review required,"Semantic classification from keyword wording, service cluster, buyer stage, and planned URL. Live Google/Semrush SERPs have not yet been verified for every keyword.",High,"Real clients, contracts, time-zone support, local terminology, and approved market evidence",Never imply a local office or local-company status without verified evidence. Softzino's published office details must remain accurate.
S-182,custom software development company in USA,United States,Regional Commercial Variations,Commercial,Commercial Investigation,Regional vendor selection,Decision,Find a provider that can serve buyers in United States.,Core service page with regional relevance; dedicated regional page only if justified,/solutions/custom-software-solutions,"Keep as a secondary market modifier. Do not create a country or city page until demand, differentiation, and business proof are validated.","Discuss timezone, communication, and regional delivery requirements",High,High — validate country SERP and local intent,Hold — regional proof and country-level SERP review required,"Semantic classification from keyword wording, service cluster, buyer stage, and planned URL. Live Google/Semrush SERPs have not yet been verified for every keyword.",High,"Real clients, contracts, time-zone support, local terminology, and approved market evidence",Never imply a local office or local-company status without verified evidence. Softzino's published office details must remain accurate.
S-183,software development company USA,United States,Regional Commercial Variations,Commercial,Commercial Investigation,Regional vendor selection,Decision,Find a provider that can serve buyers in United States.,Core service page with regional relevance; dedicated regional page only if justified,/solutions/custom-software-solutions,"Keep as a secondary market modifier. Do not create a country or city page until demand, differentiation, and business proof are validated.","Discuss timezone, communication, and regional delivery requirements",High,High — validate country SERP and local intent,Hold — regional proof and country-level SERP review required,"Semantic classification from keyword wording, service cluster, buyer stage, and planned URL. Live Google/Semrush SERPs have not yet been verified for every keyword.",High,"Real clients, contracts, time-zone support, local terminology, and approved market evidence",Never imply a local office or local-company status without verified evidence. Softzino's published office details must remain accurate.
S-184,hire dedicated developers USA,United States,Regional Commercial Variations,Commercial,Commercial Investigation,Regional vendor selection,Decision,Find a provider that can serve buyers in United States.,Core service page with regional relevance; dedicated regional page only if justified,/hire-developers,"Keep as a secondary market modifier. Do not create a country or city page until demand, differentiation, and business proof are validated.","Discuss timezone, communication, and regional delivery requirements",High,High — validate country SERP and local intent,Hold — regional proof and country-level SERP review required,"Semantic classification from keyword wording, service cluster, buyer stage, and planned URL. Live Google/Semrush SERPs have not yet been verified for every keyword.",High,"Real clients, contracts, time-zone support, local terminology, and approved market evidence",Never imply a local office or local-company status without verified evidence. Softzino's published office details must remain accurate.
S-185,IT staff augmentation company USA,United States,Regional Commercial Variations,Commercial,Commercial Investigation,Regional vendor selection,Decision,Find a provider that can serve buyers in United States.,Core service page with regional relevance; dedicated regional page only if justified,/services/staff-augmentation,"Keep as a secondary market modifier. Do not create a country or city page until demand, differentiation, and business proof are validated.","Discuss timezone, communication, and regional delivery requirements",High,High — validate country SERP and local intent,Hold — regional proof and country-level SERP review required,"Semantic classification from keyword wording, service cluster, buyer stage, and planned URL. Live Google/Semrush SERPs have not yet been verified for every keyword.",High,"Real clients, contracts, time-zone support, local terminology, and approved market evidence",Never imply a local office or local-company status without verified evidence. Softzino's published office details must remain accurate.
S-186,custom software development company Canada,Canada,Regional Commercial Variations,Commercial,Commercial Investigation,Regional vendor selection,Decision,Find a provider that can serve buyers in Canada.,Core service page with regional relevance; dedicated regional page only if justified,/solutions/custom-software-solutions,"Keep as a secondary market modifier. Do not create a country or city page until demand, differentiation, and business proof are validated.","Discuss timezone, communication, and regional delivery requirements",High,High — validate country SERP and local intent,Hold — regional proof and country-level SERP review required,"Semantic classification from keyword wording, service cluster, buyer stage, and planned URL. Live Google/Semrush SERPs have not yet been verified for every keyword.",High,"Real clients, contracts, time-zone support, local terminology, and approved market evidence",Never imply a local office or local-company status without verified evidence. Softzino's published office details must remain accurate.
S-187,software development company Canada,Canada,Regional Commercial Variations,Commercial,Commercial Investigation,Regional vendor selection,Decision,Find a provider that can serve buyers in Canada.,Core service page with regional relevance; dedicated regional page only if justified,/solutions/custom-software-solutions,"Keep as a secondary market modifier. Do not create a country or city page until demand, differentiation, and business proof are validated.","Discuss timezone, communication, and regional delivery requirements",High,High — validate country SERP and local intent,Hold — regional proof and country-level SERP review required,"Semantic classification from keyword wording, service cluster, buyer stage, and planned URL. Live Google/Semrush SERPs have not yet been verified for every keyword.",High,"Real clients, contracts, time-zone support, local terminology, and approved market evidence",Never imply a local office or local-company status without verified evidence. Softzino's published office details must remain accurate.
S-188,hire dedicated developers Canada,Canada,Regional Commercial Variations,Commercial,Commercial Investigation,Regional vendor selection,Decision,Find a provider that can serve buyers in Canada.,Core service page with regional relevance; dedicated regional page only if justified,/hire-developers,"Keep as a secondary market modifier. Do not create a country or city page until demand, differentiation, and business proof are validated.","Discuss timezone, communication, and regional delivery requirements",High,High — validate country SERP and local intent,Hold — regional proof and country-level SERP review required,"Semantic classification from keyword wording, service cluster, buyer stage, and planned URL. Live Google/Semrush SERPs have not yet been verified for every keyword.",High,"Real clients, contracts, time-zone support, local terminology, and approved market evidence",Never imply a local office or local-company status without verified evidence. Softzino's published office details must remain accurate.
S-189,custom software development company UK,United Kingdom,Regional Commercial Variations,Commercial,Commercial Investigation,Regional vendor selection,Decision,Find a provider that can serve buyers in United Kingdom.,Core service page with regional relevance; dedicated regional page only if justified,/solutions/custom-software-solutions,"Keep as a secondary market modifier. Do not create a country or city page until demand, differentiation, and business proof are validated.","Discuss timezone, communication, and regional delivery requirements",High,High — validate country SERP and local intent,Hold — regional proof and country-level SERP review required,"Semantic classification from keyword wording, service cluster, buyer stage, and planned URL. Live Google/Semrush SERPs have not yet been verified for every keyword.",High,"Real clients, contracts, time-zone support, local terminology, and approved market evidence",Never imply a local office or local-company status without verified evidence. Softzino's published office details must remain accurate.
S-190,bespoke software development company,United Kingdom,Regional Commercial Variations,Commercial,Commercial Investigation,Regional vendor selection,Decision,Find a provider that can serve buyers in United Kingdom.,Core service page with regional relevance; dedicated regional page only if justified,/solutions/custom-software-solutions,"Keep as a secondary market modifier. Do not create a country or city page until demand, differentiation, and business proof are validated.","Discuss timezone, communication, and regional delivery requirements",High,High — validate country SERP and local intent,Hold — regional proof and country-level SERP review required,"Semantic classification from keyword wording, service cluster, buyer stage, and planned URL. Live Google/Semrush SERPs have not yet been verified for every keyword.",High,"Real clients, contracts, time-zone support, local terminology, and approved market evidence",Never imply a local office or local-company status without verified evidence. Softzino's published office details must remain accurate.
S-191,software development company UK,United Kingdom,Regional Commercial Variations,Commercial,Commercial Investigation,Regional vendor selection,Decision,Find a provider that can serve buyers in United Kingdom.,Core service page with regional relevance; dedicated regional page only if justified,/solutions/custom-software-solutions,"Keep as a secondary market modifier. Do not create a country or city page until demand, differentiation, and business proof are validated.","Discuss timezone, communication, and regional delivery requirements",High,High — validate country SERP and local intent,Hold — regional proof and country-level SERP review required,"Semantic classification from keyword wording, service cluster, buyer stage, and planned URL. Live Google/Semrush SERPs have not yet been verified for every keyword.",High,"Real clients, contracts, time-zone support, local terminology, and approved market evidence",Never imply a local office or local-company status without verified evidence. Softzino's published office details must remain accurate.
S-192,hire dedicated developers UK,United Kingdom,Regional Commercial Variations,Commercial,Commercial Investigation,Regional vendor selection,Decision,Find a provider that can serve buyers in United Kingdom.,Core service page with regional relevance; dedicated regional page only if justified,/hire-developers,"Keep as a secondary market modifier. Do not create a country or city page until demand, differentiation, and business proof are validated.","Discuss timezone, communication, and regional delivery requirements",High,High — validate country SERP and local intent,Hold — regional proof and country-level SERP review required,"Semantic classification from keyword wording, service cluster, buyer stage, and planned URL. Live Google/Semrush SERPs have not yet been verified for every keyword.",High,"Real clients, contracts, time-zone support, local terminology, and approved market evidence",Never imply a local office or local-company status without verified evidence. Softzino's published office details must remain accurate.
S-193,software development company Germany,Germany,Regional Commercial Variations,Commercial,Commercial Investigation,Regional vendor selection,Decision,Find a provider that can serve buyers in Germany.,Core service page with regional relevance; dedicated regional page only if justified,/solutions/custom-software-solutions,"Keep as a secondary market modifier. Do not create a country or city page until demand, differentiation, and business proof are validated.","Discuss timezone, communication, and regional delivery requirements",High,High — validate country SERP and local intent,Hold — regional proof and country-level SERP review required,"Semantic classification from keyword wording, service cluster, buyer stage, and planned URL. Live Google/Semrush SERPs have not yet been verified for every keyword.",High,"Real clients, contracts, time-zone support, local terminology, and approved market evidence",Never imply a local office or local-company status without verified evidence. Softzino's published office details must remain accurate.
S-194,custom software development company Germany,Germany,Regional Commercial Variations,Commercial,Commercial Investigation,Regional vendor selection,Decision,Find a provider that can serve buyers in Germany.,Core service page with regional relevance; dedicated regional page only if justified,/solutions/custom-software-solutions,"Keep as a secondary market modifier. Do not create a country or city page until demand, differentiation, and business proof are validated.","Discuss timezone, communication, and regional delivery requirements",High,High — validate country SERP and local intent,Hold — regional proof and country-level SERP review required,"Semantic classification from keyword wording, service cluster, buyer stage, and planned URL. Live Google/Semrush SERPs have not yet been verified for every keyword.",High,"Real clients, contracts, time-zone support, local terminology, and approved market evidence",Never imply a local office or local-company status without verified evidence. Softzino's published office details must remain accurate.
S-195,software development company Netherlands,Netherlands,Regional Commercial Variations,Commercial,Commercial Investigation,Regional vendor selection,Decision,Find a provider that can serve buyers in Netherlands.,Core service page with regional relevance; dedicated regional page only if justified,/solutions/custom-software-solutions,"Keep as a secondary market modifier. Do not create a country or city page until demand, differentiation, and business proof are validated.","Discuss timezone, communication, and regional delivery requirements",High,High — validate country SERP and local intent,Hold — regional proof and country-level SERP review required,"Semantic classification from keyword wording, service cluster, buyer stage, and planned URL. Live Google/Semrush SERPs have not yet been verified for every keyword.",High,"Real clients, contracts, time-zone support, local terminology, and approved market evidence",Never imply a local office or local-company status without verified evidence. Softzino's published office details must remain accurate.
S-196,custom software development company Denmark,Denmark,Regional Commercial Variations,Commercial,Commercial Investigation,Regional vendor selection,Decision,Find a provider that can serve buyers in Denmark.,Core service page with regional relevance; dedicated regional page only if justified,/solutions/custom-software-solutions,"Keep as a secondary market modifier. Do not create a country or city page until demand, differentiation, and business proof are validated.","Discuss timezone, communication, and regional delivery requirements",High,High — validate country SERP and local intent,Hold — regional proof and country-level SERP review required,"Semantic classification from keyword wording, service cluster, buyer stage, and planned URL. Live Google/Semrush SERPs have not yet been verified for every keyword.",High,"Real clients, contracts, time-zone support, local terminology, and approved market evidence",Never imply a local office or local-company status without verified evidence. Softzino's published office details must remain accurate.
S-197,software development company Sweden,Sweden,Regional Commercial Variations,Commercial,Commercial Investigation,Regional vendor selection,Decision,Find a provider that can serve buyers in Sweden.,Core service page with regional relevance; dedicated regional page only if justified,/solutions/custom-software-solutions,"Keep as a secondary market modifier. Do not create a country or city page until demand, differentiation, and business proof are validated.","Discuss timezone, communication, and regional delivery requirements",High,High — validate country SERP and local intent,Hold — regional proof and country-level SERP review required,"Semantic classification from keyword wording, service cluster, buyer stage, and planned URL. Live Google/Semrush SERPs have not yet been verified for every keyword.",High,"Real clients, contracts, time-zone support, local terminology, and approved market evidence",Never imply a local office or local-company status without verified evidence. Softzino's published office details must remain accurate.
S-198,offshore software development company Europe,Selected European countries,Regional Commercial Variations,Commercial,Commercial Investigation,Regional vendor selection,Decision,Find a provider that can serve buyers in Selected European countries.,Core service page with regional relevance; dedicated regional page only if justified,/solutions/custom-software-solutions,"Keep as a secondary market modifier. Do not create a country or city page until demand, differentiation, and business proof are validated.","Discuss timezone, communication, and regional delivery requirements",High,High — validate country SERP and local intent,Hold — regional proof and country-level SERP review required,"Semantic classification from keyword wording, service cluster, buyer stage, and planned URL. Live Google/Semrush SERPs have not yet been verified for every keyword.",High,"Real clients, contracts, time-zone support, local terminology, and approved market evidence",Never imply a local office or local-company status without verified evidence. Softzino's published office details must remain accurate.
